Dni,Nombre,Apellidos,Especialidad,NumColegiado,CentroSalud,Ciudad
28640748,Eliana,Cabrera,Neurología,122295,Restauración OLM S.A.,Tumbes
72968250,Anselmo,Bejarano,Pediatría,133546,Soluciones Salmerón y asociados S.C.P,Lima
57884829,Régulo,Calatayud,Pediatría,541200,Hermanos Ferrández S.L.,Lima
77478016,Vidal,Roca,Cardiología,81184,Restauración Pina S.A.T.,Iquitos
32765055,Pepe,Yáñez,Ginecología,344372,Cano y Estrada S.Com.,Piura
18522327,Pelayo,Urrutia,Dermatología,269936,Sanmartín & Asociados S.L.L.,Tumbes
58824741,Jose Antonio,Plana,Pediatría,391441,Finanzas TN S.Coop.,Huanuco
91820276,Guadalupe,Soler,Ginecología,835357,Carla Farré Azcona S.Coop.,Lima
95519489,Eliana,Guillen,Cardiología,613726,Minería Agullo S.A.,Tumbes
99933488,Juana,Barbero,Neurología,764996,Puga y asociados S.L.,Piura
86338149,Nidia,Orozco,Ginecología,283493,Bustos y Sanchez S.Coop.,Ayacucho
79176132,Maribel,Godoy,Pediatría,288692,Mariscal y Infante S.Coop.,Tumbes
18729198,Félix,Villena,Cardiología,572629,Manufacturas Españolas S.L.,Tacna
58226609,Elisa,Berrocal,Dermatología,740310,Mosquera y Sarabia S.A.,Ayacucho
85608688,Celestina,Arias,Ginecología,537581,Hnos Mulet S.A.D,Ayacucho
2945772,Manu,Lopez,Neurología,47513,Cervantes y Lopez S.L.,Tumbes
26236244,Adolfo,Piñeiro,Dermatología,697357,Hermanos Marín S.L.N.E,Iquitos
73753716,Lucho,Acedo,Neurología,717801,Comercial Rivas S.Coop.,Ayacucho
71947947,Dionisio,Carretero,Dermatología,81127,Jover y Calvet S.L.N.E,Lima
34808323,Nuria,Falcó,Neurología,836977,Grupo Alegre S.L.N.E,Huanuco
99338772,Lilia,Jódar,Ginecología,786094,Restauración del Noroeste S.C.P,Loreto
4043882,María Del Carmen,Hidalgo,Cardiología,707410,Grupo Gibert S.Com.,Piura
49347759,Ángeles,Jordán,Ginecología,913591,Manufacturas Esteban & Asociados S.L.U.,Tacna
20052700,Lucio,Castro,Cardiología,110419,Manufacturas IFIO S.Coop.,Tumbes
59932143,Daniela,Caballero,Pediatría,893085,Infraestructuras Fuente S.L.N.E,Lima
23174264,Eutimio,Riera,Pediatría,201817,Transportes Peñalver S.L.L.,Piura
25846967,Aitor,Acosta,Cardiología,895917,Vilar y Herrera S.L.,Huanuco
29388926,Yolanda,Beltrán,Ginecología,469214,Logística Globales S.L.N.E,Huanuco
99045645,Gerónimo,Barrena,Ginecología,107876,Compañía Jimenez S.L.,Piura
94515445,Águeda,Andrade,Ginecología,6640,Ribes y asociados S.L.,Huanuco
86121752,Saturnina,Rivero,Ginecología,272212,Verónica Beltrán Pedro S.A.T.,Tumbes
85123678,Eladio,Solano,Pediatría,101610,Grupo Osuna S.L.,Loreto
13685509,Gaspar,Lobato,Pediatría,783309,Ródenas y asociados S.A.,Ayacucho
98635322,Carmen,Aranda,Cardiología,893325,Barberá y Galván S.A.,Loreto
16535517,Cecilio,Amores,Dermatología,4863,Valverde y Losada S.A.,Tacna
7843437,Matías,Esteban,Pediatría,740758,Banca Privada Pedraza S.L.N.E,Tacna
9149688,Juan Carlos,Vigil,Cardiología,603138,Hermanos Marcos S.A.T.,Iquitos
37406256,Andrés Felipe,Tirado,Ginecología,286187,Suministros del Norte S.A.,Loreto
95962466,Juan Luis,Cuevas,Neurología,853069,Industrias del Noroeste S.Coop.,Lima
48238141,Andrea,Ayala,Neurología,375147,Servicios Robles S.L.,Tumbes
43598616,Fabiola,Elorza,Neurología,587379,Pascual & Asociados S.A.,Tumbes
27090552,Samanta,Rueda,Pediatría,694467,Promociones Iberia S.A.T.,Loreto
12394144,Bernardo,Narváez,Pediatría,374833,Perelló y Tamayo S.Coop.,Tacna
27194511,Elodia,Barros,Dermatología,519455,Consultoría BDQA S.L.L.,Tacna
89008717,Juan Bautista,Marín,Pediatría,520265,Supermercados GYNS S.Com.,Tacna
80281689,Blanca,Arnau,Ginecología,40009,Transportes Gomez & Asociados S.A.,Tacna
59246293,Fernanda,Morales,Pediatría,466580,Amo y Cal S.A.,Piura
11153044,Guiomar,Esteve,Ginecología,750489,Pascual y Gilabert S.L.,Loreto
75131168,Pili,Hernando,Pediatría,469552,Juliá y Plaza S.Coop.,Tumbes
39944005,Abilio,Fortuny,Ginecología,109365,Distribuciones Querol y asociados S.Coop.,Ayacucho
60385366,Jafet,Gallardo,Ginecología,374727,Consultoría KNFZ S.L.N.E,Huanuco
47119637,Elpidio,Perales,Dermatología,505688,Inmobiliaria DORN S.Coop.,Iquitos
5036094,Lucho,Muro,Neurología,274881,Inmobiliaria Fajardo S.L.U.,Ayacucho
84441950,Rosa María,Mesa,Pediatría,661364,Infraestructuras del Mediterráneo S.A.,Loreto
85511697,Samuel,Zamorano,Neurología,46946,Figuerola & Asociados S.A.,Loreto
98593813,Marcelino,Gallego,Ginecología,709913,Inversiones SBN S.Com.,Huanuco
83654475,Liliana,Santos,Ginecología,672579,Alfonso y Estévez S.A.,Tumbes
98537726,Buenaventura,Olmedo,Cardiología,979636,Josué Bas Saura S.A.,Iquitos
47340659,Pepito,Armengol,Ginecología,232340,Inmobiliaria Riba y asociados S.A.,Piura
22501892,Pilar,Baeza,Ginecología,782377,Supermercados Cantero S.C.P,Tacna
11248773,Geraldo,Arcos,Neurología,615620,Compañía Perales S.L.,Lima
59766751,Catalina,Domingo,Ginecología,700734,Supermercados Roig S.Coop.,Loreto
67779519,Íngrid,Espada,Dermatología,126693,Familia Pacheco S.L.N.E,Huanuco
9617924,Lázaro,Morell,Cardiología,650988,Aitana Vázquez Cid S.A.,Tumbes
10935897,Óscar,Cisneros,Cardiología,600920,Lorenzo Alegre Alemany S.L.N.E,Loreto
10788858,Elodia,Novoa,Neurología,887270,Compañía Inteligentes S.L.,Lima
30822524,Anselma,Burgos,Cardiología,364393,Bienvenida Andres Palacio S.L.,Loreto
63089298,Paula,Sedano,Dermatología,508243,Transportes Integrales S.C.P,Iquitos
80056015,José,Galván,Ginecología,713357,Suministros Velasco y asociados S.L.N.E,Loreto
20911968,Guadalupe,Galindo,Ginecología,258598,Américo Arenas Santamaría S.A.,Lima
35396644,Adolfo,Losa,Dermatología,353267,Barrena y asociados S.A.,Lima
79379699,Iker,Melero,Pediatría,794336,Ovidio Armengol Palmer S.Com.,Iquitos
71744269,Rodolfo,Riera,Dermatología,642004,Araujo y Adán S.L.,Tacna
42881726,Fidela,Montoya,Ginecología,329068,Banco FK S.L.N.E,Lima
14818914,Leocadia,Priego,Neurología,847744,Transportes EP S.Com.,Lima
84330848,Josefina,Rojas,Pediatría,487258,Manufacturas Peláez S.A.,Tumbes
26703083,Tiburcio,Julián,Neurología,527141,Inmobiliaria Leal y asociados S.L.N.E,Huanuco
89867688,Dimas,Pardo,Cardiología,495861,Farmaceútica Arjona S.Coop.,Huanuco
38433006,Javiera,Valera,Neurología,120093,Compañía OYD S.Com.,Lima
51591662,Mireia,Alcázar,Cardiología,750888,Industrias Antón y asociados S.L.L.,Tumbes
71464744,Anselma,Lastra,Neurología,689720,Distribuciones Tolosa S.L.,Loreto
32684281,Irene,Martorell,Cardiología,163289,Desarrollo Verdugo & Asociados S.Coop.,Piura
91876133,Eloy,Carreras,Dermatología,285229,Servicios QQE S.Coop.,Iquitos
8397002,Nicodemo,Lorenzo,Neurología,279790,Servicios Barón S.L.,Tumbes
98518132,Mireia,Polo,Pediatría,290915,Restauración Alonso y asociados S.Coop.,Tacna
24006838,Nicodemo,Escolano,Ginecología,753153,Alba & Asociados S.L.L.,Ayacucho
73763652,Selena,Alcalá,Cardiología,673867,Gómez y asociados S.Com.,Tumbes
75111849,Evangelina,Olivé,Neurología,199267,Crespi y Valverde S.L.L.,Lima
57856233,Ana Sofía,Ferrándiz,Neurología,693171,Banco Mayoral y asociados S.L.,Loreto
44496583,Aurelia,Blanca,Cardiología,337445,Alimentación Gomila y asociados S.L.,Piura
93323210,Juan Antonio,Echeverría,Neurología,691100,Promociones Zamora & Asociados S.L.N.E,Tacna
13975276,Edelmiro,Valverde,Neurología,651244,Despacho VM S.A.,Huanuco
98936038,Fernanda,Flor,Pediatría,940561,Vizcaíno y Luján S.A.,Lima
17582127,Calixta,Nevado,Pediatría,441143,Hurtado y Miranda S.A.D,Iquitos
77895139,Ulises,Segarra,Pediatría,91273,Banca Privada JMZP S.L.,Tacna
20453827,Genoveva,Pont,Cardiología,54352,Inversiones del Noroeste S.C.P,Huanuco
17363831,Irma,Barceló,Cardiología,13647,Manjón y Narváez S.A.,Ayacucho
44412312,Toribio,Marqués,Dermatología,260908,Soluciones LCA S.Com.,Iquitos
11305697,Isa,Estévez,Pediatría,344860,Grupo Mateo S.A.U,Lima
98374745,Lisandro,Carlos,Neurología,984362,Despacho Amigó S.Coop.,Lima
30732891,Loreto,Alvarado,Cardiología,440301,Finanzas Escalona S.Com.,Lima
10810572,Eliana,Catalán,Pediatría,911010,Inversiones Iberia S.Coop.,Tacna
10487282,Celestino,Catalán,Pediatría,490872,Despacho Morante & Asociados S.Coop.,Tumbes
4165910,Chus,Santos,Ginecología,377545,Jenny Amat Sáez S.A.D,Tumbes
76806194,Josep,Coello,Ginecología,415328,Banca Privada Collado & Asociados S.Coop.,Tacna
80003171,Íngrid,Boix,Neurología,86696,Alimentación Reig S.A.,Tumbes
28193321,Jose Carlos,Arcos,Neurología,13185,Inversiones Zorrilla S.A.,Lima
54263245,Manolo,Hidalgo,Dermatología,927005,Distribuciones Royo S.Coop.,Huanuco
45042126,Otilia,Carballo,Ginecología,461230,Gras y asociados S.A.,Tacna
51890369,Margarita,Cortina,Cardiología,102523,Soler y Arranz S.Com.,Loreto
55294410,Graciana,Sureda,Pediatría,974163,Comercializadora Internacionales S.L.L.,Lima
63707853,Blas,Millán,Cardiología,473636,Logística Soto & Asociados S.L.L.,Ayacucho
1874473,Flor,Gisbert,Cardiología,92562,Caballero y asociados S.L.,Tumbes
18918337,Maribel,Fortuny,Dermatología,611893,Inmobiliaria Berrocal y asociados S.A.,Tacna
48934889,Pepe,Arco,Cardiología,912053,Distribuciones Lluch y asociados S.L.,Iquitos
20933676,Eliana,Lucas,Neurología,559957,Compañía Prieto & Asociados S.A.,Piura
35189976,Ariel,Sáez,Cardiología,599209,Cleto Almeida Guitart S.L.N.E,Loreto
58698282,Sabas,Gallart,Ginecología,438483,Angelina Canet Padilla S.A.,Loreto
59632616,Juan Carlos,Viñas,Cardiología,123069,Mendez y López S.A.U,Tacna
33615116,Diana,Riquelme,Ginecología,754287,Hermanos Morante S.Coop.,Piura
19490999,Zoraida,Quiroga,Neurología,927,Instalaciones Blazquez S.L.,Piura
43280884,Amparo,Sabater,Cardiología,871508,Manufacturas Pedrero S.C.P,Huanuco
11108737,Berta,Baeza,Pediatría,747004,Hermanos Sedano S.Com.,Tacna
62741993,Gisela,Vizcaíno,Pediatría,23029,Familia Prada S.L.,Iquitos
39734064,Azeneth,Barón,Ginecología,461192,Manufacturas FGNM S.A.T.,Iquitos
11014225,Eduardo,Santiago,Neurología,702905,Distribuciones del Sur S.A.,Tacna
571666,Porfirio,Prieto,Dermatología,520612,Tecnologías YW S.L.,Iquitos
31357277,Pascual,Dueñas,Ginecología,145982,Mena y Valcárcel S.Coop.,Huanuco
1156490,Benigno,Villar,Dermatología,146733,Vilar y Cueto S.Coop.,Tacna
74468,Jerónimo,Criado,Dermatología,638774,Marti y Benavent S.L.L.,Ayacucho
42182216,Cristian,Lozano,Dermatología,314933,Suministros Herranz y asociados S.A.T.,Tacna
41857802,Jaime,Abad,Dermatología,481041,Logística del Sur S.Coop.,Tumbes
80725722,Esperanza,Valenciano,Ginecología,664758,Matas y Sánchez S.Coop.,Huanuco
66051076,Amador,Otero,Neurología,366621,Inmobiliaria Burgos y asociados S.Coop.,Loreto
48234091,Natalio,Sabater,Neurología,893732,Familia Segarra S.L.,Loreto
13263159,Adoración,Barrios,Pediatría,333664,Llabrés y Cazorla S.Com.,Ayacucho
99487416,Julio César,Vergara,Neurología,515162,Infraestructuras Castellana S.A.D,Iquitos
69632852,Silvestre,Bustamante,Cardiología,200060,Hermanos Casals S.A.,Tumbes
13037655,Íñigo,Vigil,Pediatría,785642,Sabater y asociados S.A.,Ayacucho
96146655,Selena,Boix,Dermatología,206227,María Dolores Balaguer Ocaña S.Com.,Loreto
78456141,Maxi,Santana,Dermatología,959699,Alemán y Granados S.L.,Huanuco
69154871,Sonia,Espada,Pediatría,739034,Comercial NSCJ S.Com.,Loreto
9850194,Pacífica,Lopez,Pediatría,23130,Supermercados Borrell S.Com.,Tumbes
62291329,Faustino,Flor,Neurología,306788,Inmobiliaria OHG S.Com.,Iquitos
20800324,Borja,Santana,Pediatría,426335,Familia Badía S.L.,Huanuco
34623365,Galo,Muro,Cardiología,616657,Alimentación Zamora S.L.L.,Ayacucho
77525122,Urbano,León,Pediatría,953252,Despacho Márquez S.A.,Piura
52453328,Margarita,Barriga,Ginecología,125630,Hnos Campo S.A.D,Huanuco
14701342,Kike,Cabañas,Dermatología,89455,Banca Privada Llano S.A.,Iquitos
10070759,Néstor,Peñas,Cardiología,11746,Suministros Llano & Asociados S.Coop.,Lima
66113441,Azahara,Polo,Pediatría,991663,Garrido y Neira S.Coop.,Tacna
56965143,Isabela,Sacristán,Dermatología,787773,Inmobiliaria del Levante S.Coop.,Tacna
11269567,Ángela,Jaume,Ginecología,954540,Reyes y Ramón S.L.,Piura
30722405,Mariana,Jiménez,Pediatría,826125,Martí y asociados S.Coop.,Piura
992046,Guiomar,Rico,Pediatría,982266,García y asociados S.L.N.E,Iquitos
9378900,Andrés Felipe,Aguiló,Neurología,830585,Finanzas Roura S.Coop.,Piura
58782079,Virginia,Galván,Pediatría,714782,Consultoría FBU S.Coop.,Ayacucho
4507580,María Pilar,Higueras,Pediatría,649113,Talleres Garcia y asociados S.A.U,Iquitos
44751105,Ignacia,Ruano,Ginecología,997272,Logística Peñas & Asociados S.Coop.,Iquitos
2957596,Amor,Comas,Pediatría,440455,Consultoría Arenas S.L.L.,Huanuco
98186994,Lidia,Amat,Pediatría,871573,Pareja & Asociados S.Com.,Huanuco
89224835,Esmeralda,Gonzalez,Cardiología,105221,Despacho CDVA S.L.U.,Loreto
19298407,Griselda,Parejo,Pediatría,644677,Domínguez & Asociados S.A.,Tacna
68185200,Inés,Tapia,Pediatría,552358,Acevedo & Asociados S.Com.,Tacna
95011823,Maite,Pereira,Ginecología,147351,Minería Españolas S.Coop.,Huanuco
45864572,Soraya,Domingo,Ginecología,438090,Tecnologías Cid & Asociados S.A.,Loreto
68928141,Vicente,Marqués,Ginecología,262505,Alimentación OQBQ S.Coop.,Lima
34140910,Elisabet,Hervia,Cardiología,153062,Céspedes y Zamorano S.Com.,Tacna
96713826,Susanita,Pineda,Ginecología,191989,Logística NBNQ S.A.,Ayacucho
27204868,Gregorio,Pina,Neurología,393701,Julián Cantero Novoa S.Coop.,Iquitos
96289821,Rebeca,Barranco,Ginecología,949044,Hnos Lobato S.A.,Loreto
4053495,Evangelina,Manzano,Cardiología,545767,Banca Privada Ibéricos S.L.,Loreto
9038229,Brunilda,Azorin,Pediatría,920230,Pellicer y Herrera S.A.,Tacna
64074031,Dafne,Fuertes,Pediatría,817550,Consultoría Rodriguez & Asociados S.L.U.,Tumbes
43572531,Guadalupe,Machado,Ginecología,356042,Piña y Aguiló S.Com.,Loreto
67314388,Vilma,Núñez,Neurología,61305,Puente & Asociados S.A.,Huanuco
75560109,Regina,Mascaró,Neurología,327918,Consultoría Integrales S.L.N.E,Ayacucho
67911207,Maribel,Santamaría,Dermatología,279654,Banca Privada Saavedra y asociados S.Coop.,Loreto
52330661,Humberto,Dueñas,Ginecología,754761,Isern & Asociados S.Com.,Tacna
74741951,Santiago,Reyes,Neurología,488488,Tecnologías Campos S.A.,Loreto
78391939,Anacleto,Vicente,Pediatría,97417,Banco LV S.A.D,Lima
32561039,Pelayo,Zamora,Ginecología,592086,Inversiones Vélez S.A.,Ayacucho
28501875,Josué,Mas,Neurología,271502,Minería EH S.L.N.E,Ayacucho
29015126,Bernardino,Santana,Cardiología,74008,Talleres Iberia S.L.N.E,Loreto
92801455,Ruben,Puente,Ginecología,163854,Badía & Asociados S.L.,Piura
72903532,Úrsula,Blanch,Cardiología,169095,Arjona y asociados S.Coop.,Lima
92563318,Carla,Gonzalez,Ginecología,662305,Tecnologías AJAG S.C.P,Lima
64011632,Gabriel,Mesa,Pediatría,770678,Cepeda y Barriga S.A.T.,Iquitos
87457692,Hernán,Bolaños,Ginecología,88531,Industrias Raya & Asociados S.A.,Loreto
33531407,Néstor,Casals,Pediatría,54309,Banco del Sur S.L.,Piura
68902522,Soraya,Anguita,Dermatología,883419,Grupo Maldonado S.Coop.,Loreto
47701107,Severo,Berenguer,Pediatría,888689,Fábrica Española S.L.,Ayacucho
39678945,Lucila,Bonilla,Ginecología,690555,Hermanos Ramón S.C.P,Piura
91692899,Jose Luis,Vazquez,Dermatología,20308,Logística CR S.L.N.E,Ayacucho
42413076,Anastasia,Cortina,Pediatría,672389,Infraestructuras Globales S.Com.,Loreto
34370154,Eleuterio,Guzman,Dermatología,32395,Familia Ortuño S.L.,Lima
39040288,Marcio,Cano,Pediatría,756122,Hnos Alberdi S.Coop.,Lima
67185684,Tamara,Seco,Neurología,150593,Suministros Iberia S.A.D,Lima
51221982,Carmela,Barbero,Dermatología,194337,Comercializadora Calderon S.Coop.,Tumbes
13112421,Eutimio,Giner,Cardiología,391688,Baños y asociados S.Com.,Ayacucho
71609691,Nico,Abascal,Cardiología,765834,Diana Pi Tejada S.Coop.,Ayacucho
84343118,Felicia,Luís,Cardiología,369058,Comercializadora Royo S.L.,Ayacucho
32642464,Daniela,Carranza,Dermatología,216374,Soluciones Maza S.A.,Ayacucho
63007497,Lucía,Blanes,Dermatología,445788,Prada & Asociados S.L.U.,Tumbes
34363589,Primitiva,Calzada,Ginecología,107928,Familia Ferrándiz S.A.,Lima
50455063,Pepita,Monreal,Dermatología,656259,Logística Milla S.L.,Piura
82731393,Joaquín,Ferrández,Pediatría,397478,Consultoría Fernández S.L.,Loreto
58096974,Martirio,Duran,Ginecología,559166,Larrea y asociados S.A.,Tumbes
12129,Adoración,Gallart,Pediatría,828545,Servicios Verdugo y asociados S.Coop.,Iquitos
86585676,Jacobo,Gallart,Neurología,748987,Suministros del Norte S.A.,Tumbes
95532248,Américo,Arévalo,Neurología,764517,Minería Corral y asociados S.L.N.E,Ayacucho
69050617,Begoña,Montesinos,Pediatría,998629,Manufacturas RB S.L.,Iquitos
90527789,Andrés Felipe,Hoyos,Neurología,849043,Farmaceútica VXTW S.Com.,Ayacucho
87157907,Hernando,Vendrell,Neurología,826107,Quevedo & Asociados S.L.,Tacna
72103797,Mamen,Durán,Dermatología,634381,Grupo Baeza S.L.L.,Loreto
35841285,María Jesús,Mesa,Ginecología,155461,Garzón y asociados S.L.N.E,Loreto
93185782,Encarnacion,Costa,Ginecología,236371,Montesinos y Font S.L.,Ayacucho
34081124,Vanesa,Pombo,Ginecología,378544,Banca Privada Sosa y asociados S.A.T.,Huanuco
69190929,Alfredo,Luque,Neurología,937395,Roman y asociados S.A.,Ayacucho
32476990,Olegario,Figuerola,Ginecología,525297,Larrañaga y Acevedo S.Coop.,Ayacucho
50663966,Valentín,Montesinos,Neurología,253294,Banco PFUX S.Com.,Huanuco
43412419,Eli,Sanmartín,Pediatría,852509,Aroa Ocaña Nicolau S.Com.,Ayacucho
64279839,Victor,Cánovas,Ginecología,672532,Rico Sotelo Campoy S.Com.,Lima
52829540,Octavio,Blazquez,Dermatología,311956,Alimentación NNAS S.A.,Lima
24049424,Danilo,Mora,Neurología,518401,Familia Isern S.C.P,Lima
42157245,Anastasio,Fuentes,Ginecología,6868,Farmaceútica Cazorla y asociados S.L.N.E,Lima
99231930,Flor,Prat,Dermatología,115421,Clotilde Frutos Estevez S.L.,Iquitos
44593936,Simón,Medina,Neurología,85281,Farmaceútica del Mediterráneo S.A.,Piura
72135371,Candela,Ayllón,Pediatría,414721,Hnos Solano S.A.,Loreto
65037339,Febe,Ferrández,Cardiología,755625,Construcción Alvarez S.Coop.,Tumbes
90557273,Hugo,Marquez,Pediatría,969985,Hotel Abad S.A.U,Iquitos
4881589,Martirio,Téllez,Dermatología,220633,Industrias Buendía & Asociados S.L.,Iquitos
76209608,Alonso,Moraleda,Pediatría,426623,Fernández y Cuadrado S.Com.,Lima
51362471,Victorino,Alfonso,Neurología,3063,Alimentación Río S.A.D,Tumbes
78785320,Marco,Codina,Pediatría,669590,Talleres Casares S.Com.,Iquitos
19963216,José,Priego,Pediatría,984949,Grupo Abellán S.L.N.E,Ayacucho
34189431,Marciano,Castells,Dermatología,323270,Distribuciones del Sur S.Com.,Tumbes
82413868,Concepción,Camacho,Neurología,31086,Finanzas Esteban y asociados S.A.,Loreto
75647237,Modesta,Escamilla,Cardiología,520418,Marcos & Asociados S.A.,Loreto
19454368,Perla,Morales,Ginecología,599994,Comercializadora Ibéricos S.Com.,Ayacucho
47095077,Abilio,Galván,Ginecología,359897,Soluciones Carbó y asociados S.A.,Piura
83260019,Beatriz,Blanes,Ginecología,220625,Alimentación Morillo & Asociados S.L.,Lima
30190285,Julio,Arce,Pediatría,242073,Banco Boix S.Coop.,Ayacucho
97098985,Josefa,Valenzuela,Neurología,548142,Industrias Hernández S.A.,Ayacucho
29990377,José Antonio,Carreras,Pediatría,351824,Loida Villa Iglesia S.L.L.,Tacna
37647959,Rodrigo,Quintero,Cardiología,469713,Hotel ZM S.A.,Tacna
78753561,Sara,Bas,Pediatría,729195,Hermanos Bilbao S.L.L.,Piura
93766418,Abril,Arcos,Neurología,478919,Talleres Salom S.Coop.,Tumbes
40496768,Rosenda,Almagro,Pediatría,7069,Manufacturas Benito y asociados S.A.,Tacna
36123073,Gil,Blanes,Pediatría,292862,Transportes QU S.L.,Huanuco
39651388,Roxana,Cardona,Neurología,436897,Compañía Oliveras S.Com.,Piura
8290478,Angelino,Hernandez,Neurología,973381,Soluciones EU S.L.L.,Huanuco
6073504,Jose Francisco,Espada,Pediatría,622781,Rojas & Asociados S.L.,Loreto
21031537,Palmira,Rivas,Pediatría,933260,Hermanos Jover S.L.L.,Loreto
85238031,Salud,Valderrama,Neurología,467054,Girón y asociados S.L.,Piura
30799914,Carmela,Marín,Neurología,796045,Portero y Dueñas S.Com.,Ayacucho
40264956,Maxi,Bermúdez,Pediatría,155204,Familia Vallés S.A.T.,Ayacucho
36094779,Toni,Huertas,Neurología,301755,Logística OUA S.A.,Lima
55324221,Ricardo,Martinez,Cardiología,770708,Morena Tomás Guillen S.L.L.,Lima
8684942,Joaquín,Sanmartín,Ginecología,697429,Hermanos Borrás S.Coop.,Tacna
37672840,Prudencia,Clemente,Neurología,212089,Despacho Batalla y asociados S.A.,Tumbes
36856196,Godofredo,Cortina,Neurología,959810,Banca Privada Cuéllar S.L.,Huanuco
20147110,Lucila,Borrás,Neurología,441929,Manufacturas Menendez & Asociados S.A.,Tacna
83202880,María Pilar,Alcaraz,Dermatología,455899,Banco Vázquez y asociados S.Com.,Ayacucho
99423373,Gema,Santos,Cardiología,614402,Hnos Rico S.L.L.,Ayacucho
52568654,Priscila,Balaguer,Ginecología,441210,Azahara Coello Torre S.A.,Tumbes
19039277,Begoña,Vallés,Neurología,1530,Banco Espinosa S.Com.,Tacna
29464089,Albano,Canals,Pediatría,324952,Inversiones Española S.L.,Huanuco
76996184,Judith,Zamorano,Dermatología,769298,Grupo Montserrat S.A.,Tacna
39426510,Maite,Piquer,Ginecología,260286,Borrás y Benavides S.A.,Loreto
70325070,Dionisia,Gallego,Pediatría,895975,Hermanos Carballo S.L.N.E,Ayacucho
3713048,Manolo,Cervantes,Cardiología,822601,Martin y Marco S.A.,Piura
71730922,Rodrigo,Anaya,Pediatría,327711,Minería DBU S.C.P,Lima
51017583,Lupita,Fortuny,Cardiología,234538,Hnos Sainz S.L.,Lima
22449651,Jenny,Arenas,Neurología,928278,Hnos Acuña S.Coop.,Loreto
34900556,Ricardo,Reig,Cardiología,681117,Industrias Pérez S.A.,Piura
83475793,Estela,Muñoz,Cardiología,290794,Talavera y asociados S.Coop.,Huanuco
21424349,Marc,Baquero,Cardiología,740216,Hnos Amo S.Com.,Huanuco
45377934,Marcos,Nicolás,Pediatría,67682,Soluciones Ibéricos S.L.,Piura
54358136,Agustín,Sola,Neurología,721920,Restauración JK S.A.,Tacna
63558377,Pablo,Alberola,Cardiología,100706,Manufacturas del Norte S.L.,Tacna
76341844,José Manuel,Garrido,Dermatología,484746,Desarrollo MZU S.A.,Piura
64075807,Felipa,Querol,Ginecología,545013,Instalaciones Dominguez S.Com.,Tumbes
31645665,Amador,Cáceres,Pediatría,200976,Distribuciones del Sur S.L.,Iquitos
98154894,Amor,Gutiérrez,Neurología,615868,Servicios ASBL S.L.N.E,Ayacucho
81379085,Felipa,Juárez,Pediatría,673348,Hotel Integrales S.L.,Tumbes
52061861,Regina,Ricart,Pediatría,131449,Finanzas Escamilla y asociados S.C.P,Huanuco
91395632,Paulina,Prada,Pediatría,314524,Farmaceútica Avanzadas S.Com.,Piura
75577960,Seve,Camacho,Dermatología,639297,Soluciones Maza & Asociados S.Coop.,Tacna
29944293,Esther,Vidal,Ginecología,210633,Restauración NNQV S.Com.,Tacna
32885881,Custodio,Gelabert,Cardiología,797480,Logística del Sur S.L.,Loreto
46687984,Julieta,Ledesma,Neurología,868260,Industrias Lluch y asociados S.A.,Tacna
42225663,Desiderio,Jaume,Dermatología,649330,Consultoría XAFA S.A.,Lima
21923045,Isaac,Andrade,Ginecología,796166,Hermanos Cano S.C.P,Tumbes
90890322,Araceli,Chacón,Cardiología,808734,Millán & Asociados S.C.P,Ayacucho
45396954,Manolo,Cuervo,Pediatría,32489,Manufacturas Gibert S.Coop.,Huanuco
30208188,Gilberto,Rocha,Ginecología,650643,Logística DUF S.A.U,Huanuco
96565940,Ángela,Calvo,Pediatría,138015,Familia Berrocal S.A.,Lima
78780491,Guadalupe,Redondo,Dermatología,172222,Instalaciones Torres y asociados S.L.L.,Tumbes
77089749,Marcos,Zamorano,Dermatología,510441,Marcia Gámez Oliva S.L.,Lima
10128855,Leticia,Alvarado,Cardiología,969967,Construcción del Sur S.Coop.,Tacna
26203056,Clotilde,Hervia,Neurología,883470,Grupo Guerra S.Com.,Lima
59758757,Emma,Aguado,Dermatología,369413,Grupo Flor S.Com.,Huanuco
25536099,Pastora,Llano,Cardiología,454939,Finanzas Ibéricos S.L.,Tumbes
17094867,Teresa,Nicolás,Cardiología,416618,Hnos Uriarte S.L.N.E,Tumbes
7501098,Celestina,Porta,Pediatría,686896,Cerdán y Casal S.Coop.,Loreto
48309989,Carlos,Campoy,Neurología,104830,Desarrollo Herrera y asociados S.L.N.E,Loreto
78432750,Armida,Giralt,Cardiología,931431,Puerta y asociados S.Coop.,Iquitos
73612331,Herberto,Diego,Pediatría,674007,Instalaciones Rueda S.L.,Loreto
42980237,Ciriaco,Menendez,Ginecología,874257,Serna y Girona S.A.U,Loreto
29250871,Gerardo,Puig,Ginecología,493044,Segismundo Hernández Cózar S.A.D,Piura
42019314,Delfina,Lozano,Cardiología,549679,Grupo Lobato S.Coop.,Lima
48577286,Íngrid,Martínez,Ginecología,427947,Compañía Briones & Asociados S.Coop.,Piura
76398312,José Antonio,Almeida,Dermatología,951280,Logística Suarez y asociados S.L.L.,Tumbes
54229096,Mireia,Arribas,Cardiología,207324,Cózar y Cortes S.A.,Huanuco
53659745,León,Soler,Cardiología,282419,Compañía del Sur S.A.,Lima
8099009,Luz,Alba,Dermatología,497600,Tecnologías Española S.Coop.,Tacna
80416140,Tomasa,Martín,Cardiología,367585,Aparicio y asociados S.L.N.E,Piura
55260464,Natalia,Ugarte,Dermatología,393944,Pedrosa y Calderón S.Coop.,Piura
54164940,Juan Manuel,Iborra,Ginecología,386859,Samanta Pellicer Seguí S.L.L.,Huanuco
54661737,Juliana,Vilaplana,Neurología,431530,Hnos Pedraza S.A.,Huanuco
62981740,María Del Carmen,Granados,Neurología,175074,Pomares y Alfonso S.Com.,Huanuco
94549291,María Manuela,Verdú,Pediatría,506102,Transportes KLZ S.Coop.,Lima
55434787,Edelmira,Esparza,Neurología,169125,Tristán Alcántara Artigas S.Com.,Loreto
34535175,Nidia,Dominguez,Ginecología,898527,Hotel WCJ S.Coop.,Tacna
32072266,Marisa,Cantero,Neurología,115594,Comercial Castellana S.Coop.,Tumbes
6226225,Eloísa,Artigas,Pediatría,996736,Alberto y Soto S.L.,Tacna
3331836,Lucía,Conesa,Cardiología,387180,Menéndez y Rosado S.Com.,Tumbes
53129151,Eusebia,Baños,Neurología,100480,Hnos Arce S.L.N.E,Tacna
45053754,Miguela,Diez,Pediatría,42088,Hierro y asociados S.L.,Huanuco
39692060,Prudencia,Cabrero,Pediatría,955213,Hnos Mascaró S.L.L.,Tumbes
43981522,Jose Luis,Pedro,Neurología,241344,Banca Privada YBS S.A.,Tacna
98416555,Maura,Girón,Pediatría,771272,Jessica Pintor Valenzuela S.Com.,Piura
83137569,Modesta,Barral,Pediatría,309343,Desarrollo ENBP S.L.,Tumbes
18508925,Nydia,Llorens,Ginecología,25093,Inversiones Españolas S.Com.,Ayacucho
76159673,María Manuela,Rosa,Neurología,632706,Construcción Piña y asociados S.A.,Piura
8086190,Pepe,Palomar,Pediatría,239086,Tecnologías Saura S.L.,Huanuco
81184576,Eladio,Alberola,Ginecología,229396,Comercializadora Urrutia y asociados S.L.N.E,Tacna
79303381,Renata,Cordero,Ginecología,748753,Desarrollo Arnal y asociados S.Com.,Loreto
76658557,Eugenia,Bravo,Cardiología,404007,Consultoría Casas & Asociados S.Com.,Huanuco
94006620,Abilio,Mariscal,Ginecología,30791,Victorino Barrios Vendrell S.A.,Ayacucho
53724044,Paula,Juárez,Ginecología,70448,Hnos Tejera S.A.,Tacna
14170986,Adelia,Calleja,Ginecología,802180,Inmobiliaria Canals y asociados S.L.,Lima
88222154,Florina,Ros,Pediatría,934064,Suministros Pellicer S.L.L.,Tumbes
73081356,Nazaret,Manuel,Ginecología,235589,Ibarra & Asociados S.Coop.,Ayacucho
32065329,Dora,Boada,Dermatología,79107,Mireia Mena Acevedo S.L.,Piura
8870527,Jesusa,Vilaplana,Ginecología,151876,Hotel IX S.A.,Iquitos
68749073,Ágata,Isern,Cardiología,187560,Tecnologías Española S.A.,Ayacucho
1859961,Octavio,Sáez,Cardiología,101204,Hnos Coronado S.L.,Piura
35372923,Ruben,Peinado,Ginecología,854632,Llano y Ferrando S.A.,Iquitos
33870355,Bruno,Rios,Neurología,407086,Rocamora & Asociados S.L.,Tumbes
53497038,Ramona,Montaña,Neurología,413320,Hnos Bárcena S.A.U,Lima
78855372,Encarnita,Carnero,Neurología,380314,Hermanos Román S.Coop.,Lima
70596468,Fidela,Olivera,Neurología,976893,Prudencio Quintanilla Garay S.A.,Loreto
78485020,Albina,Benito,Dermatología,823094,Durán & Asociados S.L.,Iquitos
5535611,Clímaco,Cardona,Pediatría,79601,Ribes y Perea S.L.L.,Huanuco
79777983,Eugenia,Lledó,Dermatología,407140,Rodriguez y asociados S.A.,Loreto
11411577,Jose Antonio,Chaparro,Pediatría,755488,Hotel Burgos & Asociados S.A.,Ayacucho
16208921,Juan Bautista,Lopez,Cardiología,134124,Minería Montalbán S.A.,Ayacucho
55259901,Calista,Verdugo,Dermatología,629055,Tomás Carvajal Marin S.A.,Huanuco
97230543,Renata,Barrena,Pediatría,889325,Yago Suarez Peláez S.A.U,Huanuco
19987861,Rufino,Dalmau,Dermatología,842865,Mamen Donaire Rius S.Coop.,Huanuco
97111632,Angelita,Roca,Cardiología,263021,Ferrera & Asociados S.Com.,Huanuco
38319129,Regina,Otero,Cardiología,816213,Rios y Escudero S.Com.,Loreto
14369167,Albert,Huertas,Pediatría,959676,Supermercados UA S.Coop.,Lima
24308615,Luciana,Cabrero,Ginecología,92822,Fabiana Hervás Segura S.A.,Huanuco
76179308,Clemente,Cornejo,Ginecología,264575,Esparza & Asociados S.A.,Piura
10593027,Virginia,Castro,Neurología,269174,Transportes Galán y asociados S.C.P,Loreto
78688733,Miguel Ángel,Roldán,Cardiología,430168,Silvestre Montalbán Cózar S.L.N.E,Loreto
84496210,Zoraida,Guitart,Ginecología,763492,Familia Hernando S.L.,Piura
37578735,Eliana,Calvo,Cardiología,224756,Industrias Sandoval & Asociados S.A.,Iquitos
92905151,Felix,Páez,Ginecología,949280,Servicios del Noroeste S.L.N.E,Piura
56192519,Melisa,Miralles,Cardiología,366167,Andreu y Iriarte S.C.P,Loreto
58190118,Ale,Valenciano,Cardiología,568140,Grupo Terrón S.L.,Loreto
69487574,Ildefonso,Macias,Ginecología,243018,Banco Larrañaga & Asociados S.L.,Ayacucho
79353701,Estrella,Téllez,Ginecología,230083,Hnos Montaña S.Coop.,Tacna
95867904,León,Atienza,Neurología,583604,Carnero & Asociados S.Coop.,Ayacucho
95613376,Fortunato,Rey,Ginecología,979071,Hermanos Casanovas S.L.L.,Lima
79199638,Remedios,Palomares,Neurología,881839,Tur y Tamarit S.Coop.,Loreto
80350086,Calista,Peña,Neurología,171655,Distribuciones Barón S.A.D,Tumbes
92284036,Socorro,Sala,Ginecología,351908,Minería Castellana S.A.,Piura
72466689,Rocío,Baeza,Ginecología,384496,Despacho Castellana S.L.N.E,Piura
60957241,Jacinto,Mas,Cardiología,350080,Suministros Miguel y asociados S.Coop.,Tumbes
68270815,Hermenegildo,Bertrán,Ginecología,674247,Modesto Conde Diego S.L.,Huanuco
35815987,Eloísa,Fábregas,Cardiología,921054,Arroyo y Sebastián S.A.,Huanuco
77477167,Sara,Falcón,Dermatología,721354,Farmaceútica del Levante S.Com.,Ayacucho
3949570,Primitivo,Raya,Ginecología,913824,Compañía TKN S.L.L.,Piura
99830192,Nacio,Aparicio,Dermatología,568203,Grupo Posada S.L.,Iquitos
25085273,Amparo,Cerdá,Cardiología,524160,Soluciones VDYT S.A.,Tacna
70104507,Pablo,Lucas,Ginecología,316252,Fábrica Alcalde & Asociados S.Coop.,Piura
74776580,Agustín,Conde,Ginecología,593318,Marco Barceló Aliaga S.L.,Lima
94672890,Porfirio,Tudela,Pediatría,537515,Piñol & Asociados S.L.N.E,Tumbes
46005663,Claudio,Palomar,Pediatría,799663,Supermercados Adadia y asociados S.Com.,Tacna
7794961,Jose Angel,Tudela,Neurología,501783,Talleres Raya & Asociados S.L.,Lima
75303276,Paloma,Fortuny,Dermatología,156979,Suministros Española S.Coop.,Huanuco
19663013,Rosario,Cerdán,Dermatología,926176,Industrias NVY S.Coop.,Huanuco
68542508,Mohamed,Albero,Ginecología,577768,Inmobiliaria MJ S.A.,Piura
20922056,Ángeles,Fonseca,Ginecología,358972,Instalaciones OIO S.Com.,Iquitos
67633272,Vilma,Pla,Pediatría,151037,Garcia & Asociados S.L.N.E,Tacna
29798470,Magdalena,Mariño,Ginecología,391628,Grupo Beltrán S.A.,Loreto
10974208,Fermín,Lasa,Neurología,415913,Comercializadora ACX S.L.N.E,Huanuco
37907622,Carmelo,Rozas,Dermatología,996863,Consultoría Vilanova y asociados S.Coop.,Tacna
74999263,Eutimio,Pina,Ginecología,975504,Hnos Tormo S.A.,Huanuco
90943137,Gerardo,Macias,Dermatología,118258,Comercializadora Arcos S.Com.,Lima
11220462,Marco,Carbajo,Ginecología,657338,Becerra & Asociados S.L.,Lima
52289540,Maristela,Villalobos,Cardiología,111783,Martina Macías Zurita S.A.,Loreto
29535442,Ciriaco,Vilanova,Cardiología,608447,Supermercados Pou S.Com.,Piura
68971944,Tiburcio,Andreu,Ginecología,78831,Barranco & Asociados S.L.N.E,Huanuco
85795997,Tristán,Miralles,Dermatología,635670,Minería Gallo S.A.U,Ayacucho
45303733,Rafaela,Vilaplana,Cardiología,841194,Supermercados Iberia S.L.L.,Loreto
19460434,Esmeralda,Vilar,Dermatología,648754,Alcántara y Pineda S.Com.,Tumbes
45221076,Florina,Gonzalez,Dermatología,970721,Grupo Egea S.L.U.,Lima
21697233,Silvia,Romeu,Dermatología,274033,Hotel Rocha y asociados S.L.N.E,Loreto
69168902,Tania,Mir,Neurología,177620,Promociones ADNG S.L.N.E,Loreto
33632764,Edgardo,Barros,Pediatría,82219,Familia Cruz S.C.P,Huanuco
53657952,Calixto,Navarrete,Ginecología,746070,Banco Barral & Asociados S.Coop.,Iquitos
54429804,María Manuela,Pomares,Neurología,2550,Galán y Gibert S.L.N.E,Tacna
44201667,Jorge,Gárate,Cardiología,504158,Jacobo Carro Canet S.Com.,Tacna
99027298,Odalys,Calderon,Dermatología,987290,Alimentación CO S.A.,Lima
89680119,Anselmo,Menendez,Cardiología,208294,Alimentación Ibérica S.L.,Huanuco
740717,Gastón,Vergara,Pediatría,421907,Girona y asociados S.A.,Lima
18805912,Luz,Blanes,Ginecología,115081,Fábrica Silva y asociados S.Com.,Lima
92906127,Toribio,Benitez,Pediatría,704069,Supermercados JQD S.L.N.E,Iquitos
64280267,Paulino,Arellano,Cardiología,655452,Bárcena & Asociados S.L.,Lima
90523759,Cristian,Rosa,Cardiología,409001,Farmaceútica ZQO S.Coop.,Huanuco
22534555,Octavia,Reig,Cardiología,556735,Alegre y Colomer S.A.,Tacna
94621755,Edgardo,Uriarte,Pediatría,726591,Hnos Solano S.L.N.E,Iquitos
55219915,Isa,Palacios,Neurología,579820,Suministros Perales S.L.U.,Lima
97188567,Pascual,Valverde,Cardiología,870585,Galo Gallart Valderrama S.L.L.,Loreto
17131030,Patricio,Blanes,Neurología,336796,Industrias Vara S.A.,Lima
37802330,Araceli,Morales,Pediatría,628020,Otero y Carbonell S.A.,Huanuco
6807065,Natividad,Trujillo,Pediatría,266274,Company y Angulo S.A.,Iquitos
78448086,Paz,Aznar,Dermatología,387146,Restauración Rosado S.Com.,Tumbes
70885845,Rosario,Reig,Dermatología,964496,Familia Bermudez S.L.N.E,Lima
84126257,Fermín,Garzón,Dermatología,475808,Transportes Española S.L.N.E,Lima
52489425,Ruperta,Mariño,Cardiología,11075,Instalaciones Aguado S.L.,Piura
71024532,Maribel,Carmona,Ginecología,434641,Juan Bautista Juan Sosa S.L.,Ayacucho
13402329,Oriana,Valbuena,Pediatría,198474,Comercial Llabrés S.Coop.,Huanuco
20486254,Eutimio,Fábregas,Cardiología,842613,Suministros del Mediterráneo S.A.,Lima
60236041,Juan José,Mur,Pediatría,608803,Industrias Tenorio S.A.,Ayacucho
59852915,Rómulo,Ferreras,Neurología,665622,Grupo Farré S.A.,Ayacucho
81488256,Nidia,Rodriguez,Ginecología,675518,Manufacturas SK S.L.,Lima
44682197,Manuel,Román,Neurología,896904,Minería Vidal S.L.,Ayacucho
73826560,Fátima,Pi,Cardiología,355582,Prieto y Galiano S.Com.,Piura
29110670,Lisandro,Calleja,Ginecología,576911,Supermercados OHA S.L.N.E,Lima
93804502,Paulina,Carrera,Cardiología,590590,Toño Pont Prats S.Coop.,Piura
9734788,Felipe,Salas,Neurología,205642,Eugenio Peñas Diez S.L.L.,Piura
11070329,Adalberto,Oliva,Pediatría,940468,Hnos Machado S.L.N.E,Lima
71642961,Melisa,Infante,Ginecología,35467,Manufacturas del Mediterráneo S.L.N.E,Iquitos
50665682,Paloma,Pablo,Ginecología,266120,Pío Lara Salcedo S.L.L.,Tumbes
57234354,Emilio,Noriega,Cardiología,994696,Servicios Escolano S.A.,Loreto
29005265,Cruz,Peña,Pediatría,702423,Julio César González Jover S.L.N.E,Iquitos
64448785,Clarisa,Vergara,Dermatología,817076,Familia Bravo S.C.P,Huanuco
99986740,Ofelia,Riera,Cardiología,588961,Coronado & Asociados S.A.,Tumbes
92102007,Ruperta,Ayllón,Cardiología,875442,Compañía Internacionales S.L.,Tacna
39944673,Gerónimo,Fortuny,Dermatología,607939,Moll y Benet S.L.,Huanuco
16161492,Emilio,Pacheco,Neurología,475291,Construcción Madrid & Asociados S.A.,Tumbes
88409527,Manu,Campos,Pediatría,238392,Farmaceútica Tolosa & Asociados S.Com.,Ayacucho
73746071,Elisabet,Sanmiguel,Ginecología,568520,Comercial Bermejo S.A.,Loreto
28644983,Wilfredo,Calzada,Neurología,601807,Logística Machado & Asociados S.Coop.,Lima
79726293,Buenaventura,Portillo,Neurología,864607,Hnos Saavedra S.A.T.,Piura
85349365,Leonel,Sobrino,Pediatría,385738,Recio y Bello S.L.N.E,Ayacucho
33077849,Amancio,Iglesia,Ginecología,976023,Banco Suárez S.L.,Piura
25235891,Teresa,Portero,Ginecología,795905,Beltran y Pi S.Coop.,Iquitos
18712472,Jacinto,Abascal,Pediatría,542092,Promociones Martín & Asociados S.L.,Iquitos
82828391,Abril,Bastida,Ginecología,488722,Pi & Asociados S.A.,Tacna
32148326,Aura,Marco,Cardiología,796170,Industrias Amorós y asociados S.L.,Tacna
75265983,Isaura,Roca,Ginecología,361675,Banco Pallarès y asociados S.Com.,Huanuco
15498707,Juanita,Rosa,Ginecología,354867,Hermanos Fortuny S.A.,Lima
84079698,Renato,Molins,Pediatría,963841,Hermanos Mendoza S.Com.,Tacna
62292957,Haydée,Calleja,Dermatología,751357,Aguilera & Asociados S.L.N.E,Tacna
39867379,Cristian,Martinez,Pediatría,294647,Cortés y asociados S.L.,Iquitos
3125476,Augusto,Cal,Cardiología,870026,Seguí & Asociados S.Com.,Iquitos
56769851,Rogelio,Asenjo,Dermatología,273072,Farmaceútica BQXQ S.A.,Lima
75718240,Andrea,Valcárcel,Dermatología,847497,Consultoría EFJQ S.A.,Tacna
26427997,Eusebia,Casanovas,Pediatría,229708,Rosa y Peiró S.Coop.,Lima
26945465,Teobaldo,Chamorro,Neurología,956803,Florencia Puerta Murcia S.A.,Loreto
98677003,Cornelio,Cortes,Dermatología,723584,Comercial Domínguez S.A.,Piura
17981958,Pablo,Torres,Cardiología,104932,Olmo y asociados S.A.,Tacna
8760758,Haydée,Benavides,Dermatología,645544,Talleres HIHT S.L.,Tumbes
52823097,Georgina,Salom,Dermatología,990694,Minería EEDX S.Coop.,Ayacucho
45309495,Federico,Ordóñez,Pediatría,752548,Comercial Noguera & Asociados S.A.,Piura
68757630,Augusto,Campo,Neurología,837795,Trinidad Macías Lozano S.Com.,Huanuco
53189914,Cecilio,Giner,Pediatría,994929,Banca Privada Pacheco S.Com.,Piura
64420533,Marino,Roma,Ginecología,847465,Talleres del Norte S.Com.,Tacna
35297756,Luciana,Girona,Neurología,963025,Transportes Vallés S.A.,Iquitos
90458731,Jose Miguel,Ribas,Neurología,385395,Báez & Asociados S.Coop.,Tumbes
49739340,Celia,Morante,Pediatría,450762,Torre y Llopis S.A.,Iquitos
94641949,Rafa,Torrijos,Cardiología,180412,Instalaciones Integrales S.A.T.,Loreto
92253155,Che,Calderon,Neurología,156956,Manufacturas Narváez S.A.,Huanuco
95492628,Perla,Pi,Pediatría,281295,Alba & Asociados S.Com.,Ayacucho
57085169,Manu,Manso,Ginecología,819537,Transportes Segovia y asociados S.Coop.,Tacna
6597492,Edmundo,Peñas,Neurología,206004,Consultoría Ariño S.L.,Loreto
50628208,Loida,Alegria,Pediatría,224754,Hotel OVU S.Coop.,Tacna
24365937,Nydia,Vall,Cardiología,233453,Carla Nebot Marí S.L.,Ayacucho
57488088,Pepita,Ropero,Neurología,261865,Familia Díaz S.Coop.,Huanuco
56550398,Eva María,Jiménez,Neurología,843914,Zapata & Asociados S.A.,Piura
42625038,Paca,Mendizábal,Pediatría,301134,Comercializadora del Levante S.A.U,Iquitos
64054527,Vanesa,Guerrero,Dermatología,722891,Restauración Mendoza & Asociados S.A.T.,Piura
40093925,Jessica,Mas,Pediatría,464213,Minería Avanzadas S.L.,Piura
60178210,Adoración,Lobato,Ginecología,410607,Infraestructuras Avanzadas S.Com.,Tumbes
82172265,Borja,Cerdá,Cardiología,86824,Hnos Cifuentes S.A.,Piura
77119479,Valentina,León,Dermatología,396349,Supermercados VRF S.Com.,Iquitos
85679563,Leonor,Cabrera,Cardiología,427994,Florentina Calvo Balaguer S.A.,Tumbes
73910418,Bienvenida,Hidalgo,Ginecología,445570,Aarón Oliveras Belda S.C.P,Huanuco
19284246,Lisandro,Montoya,Cardiología,621573,Hotel Batlle S.Com.,Loreto
52444150,Isa,Cabrero,Cardiología,365583,Suministros Castellana S.Com.,Lima
44220387,Inmaculada,Carballo,Ginecología,398331,Despacho Botella y asociados S.Com.,Ayacucho
23581926,Gustavo,Águila,Ginecología,65274,Talleres TP S.Coop.,Huanuco
37352506,Mar,Duarte,Ginecología,682554,Ricart y Casado S.Com.,Piura
61301888,Abel,Porcel,Neurología,266756,Transportes Paredes y asociados S.A.,Huanuco
53360187,Albino,Franch,Pediatría,83462,Gallo y Sanjuan S.L.N.E,Ayacucho
3441488,Martina,Ochoa,Cardiología,477083,Hotel del Norte S.C.P,Ayacucho
28933659,Silvia,Palacio,Dermatología,986992,Máxima Vélez Aguiló S.Com.,Ayacucho
43257144,Toño,Echeverría,Neurología,103996,Jover & Asociados S.Com.,Huanuco
35474105,Trinidad,Murillo,Neurología,563799,Suministros del Sur S.L.N.E,Lima
81971074,Maximino,Sandoval,Ginecología,347710,Construcción Ibéricos S.A.,Ayacucho
51383238,Evangelina,Carreño,Ginecología,835165,Pomares y asociados S.L.,Loreto
61784943,Ambrosio,Noguera,Dermatología,181195,Grupo Feijoo S.Coop.,Iquitos
48430260,Efraín,Álvarez,Neurología,377258,Claudia Perera Jerez S.C.P,Piura
31061970,Gertrudis,Noriega,Cardiología,391334,Hnos Peláez S.L.,Piura
77568104,Leocadio,Corominas,Pediatría,811168,Dominga Alegria Cisneros S.C.P,Iquitos
94165607,Tere,Mulet,Dermatología,500253,Minería Cobos & Asociados S.Com.,Iquitos
77134390,Anselmo,Ordóñez,Pediatría,530530,Farmaceútica Sancho & Asociados S.L.,Piura
31494446,Paulino,Arana,Cardiología,300743,Fábrica Río & Asociados S.L.,Lima
12570622,Carmina,Bolaños,Pediatría,38211,Comercial del Levante S.A.,Loreto
74556394,Ana Sofía,Taboada,Ginecología,466370,Compañía Arco & Asociados S.A.,Iquitos
73481071,Carmelo,Robles,Pediatría,815504,Familia Alvarado S.L.,Iquitos
96636209,Cintia,Peralta,Neurología,135114,Dueñas & Asociados S.A.,Iquitos
23826401,Felipe,Elías,Cardiología,550776,Consultoría Domingo S.Com.,Huanuco
5363987,Azeneth,Pujol,Dermatología,302480,Comercial TJFI S.L.,Tacna
40273333,Eloy,Sastre,Dermatología,195972,Morera y Berrocal S.L.,Ayacucho
13845757,José María,Acosta,Cardiología,949665,Adalberto Bejarano Pellicer S.Com.,Iquitos
26721601,Carolina,Escamilla,Pediatría,208934,Correa y Arana S.A.,Huanuco
93502352,Gilberto,Muro,Ginecología,531020,Cantero y Rivero S.Coop.,Tumbes
63944011,Fernanda,Guitart,Pediatría,895809,Transportes Arco & Asociados S.Coop.,Huanuco
67244040,Benito,Landa,Neurología,471804,Pavón & Asociados S.L.N.E,Huanuco
56142794,Jose Ramón,Díaz,Cardiología,205118,Sarabia & Asociados S.Coop.,Ayacucho
68362715,Renato,Mur,Neurología,245344,Grupo Madrid S.Coop.,Ayacucho
34724446,Jose Antonio,Rosa,Dermatología,486647,Onofre Otero Dalmau S.Coop.,Piura
64572401,Vidal,Múgica,Ginecología,592754,Fábrica Roselló y asociados S.L.N.E,Piura
60085219,Rosalina,Corral,Cardiología,319197,Restauración Inteligentes S.Com.,Loreto
18718869,Ciriaco,Arranz,Pediatría,381451,Hermanos Heras S.L.,Iquitos
32048218,Alejandra,Rocha,Pediatría,992143,Fermín Galvez Lastra S.L.,Tacna
65821926,Eloísa,Buendía,Cardiología,165180,Minería Internacionales S.Coop.,Lima
13794816,Charo,Asensio,Cardiología,588669,Severo Escalona Miranda S.L.U.,Ayacucho
46736629,Valeria,Guardiola,Pediatría,412878,Sala y asociados S.Com.,Tumbes
34864237,Ildefonso,Plaza,Neurología,328066,Talleres Carro S.L.N.E,Ayacucho
93401313,Nereida,Amaya,Neurología,909509,Familia Calvo S.L.L.,Huanuco
99230784,Mario,Alberdi,Neurología,647243,Logística Inteligentes S.Coop.,Ayacucho
43171069,Marita,Pareja,Ginecología,375974,Promociones KDG S.L.L.,Ayacucho
56762085,Rosaura,Iborra,Ginecología,305133,Logística VBC S.A.,Tumbes
24771365,Onofre,Pelayo,Cardiología,260445,Barco y España S.L.,Lima
84637771,Carmen,Blanes,Pediatría,302483,Valle & Asociados S.A.T.,Iquitos
6984575,Constanza,Pablo,Ginecología,306294,Construcción KTCW S.L.L.,Tacna
45313271,Florencia,Uribe,Pediatría,263212,Hermanos Figuerola S.A.U,Piura
64546844,Adalberto,Huerta,Cardiología,717415,Grupo Vera S.C.P,Huanuco
81663135,Elvira,Ureña,Cardiología,135837,Pombo y Marín S.Coop.,Loreto
29959813,Gerónimo,Campoy,Dermatología,877101,Hnos Uría S.A.,Iquitos
7185079,Cirino,Nieto,Ginecología,579323,Losa y Ríos S.Coop.,Ayacucho
18570588,Candelaria,Benítez,Pediatría,31706,Distribuciones AY S.Com.,Huanuco
91840120,Pascual,Lledó,Cardiología,915169,Comercial HKFM S.Coop.,Ayacucho
79343063,Clemente,Puga,Neurología,726700,Industrias Tejera S.A.,Loreto
81168640,Adora,Gutierrez,Cardiología,569829,Comercializadora Iberia S.L.,Loreto
11466062,Jordana,Arnal,Neurología,916089,Hnos Olmedo S.L.N.E,Ayacucho
3436381,Joan,Mate,Ginecología,676050,Distribuciones Agustí & Asociados S.A.,Huanuco
83259425,Amancio,Pozuelo,Dermatología,649846,Familia Batalla S.L.,Piura
75923262,Rita,Acedo,Neurología,494029,Infraestructuras SMHA S.Com.,Piura
89470117,Rufino,Cano,Dermatología,694440,Rosado y asociados S.C.P,Ayacucho
9595109,Wilfredo,Gisbert,Dermatología,458525,Banco Ibéricos S.L.,Piura
14965856,Adelia,Puente,Ginecología,604798,Mosquera & Asociados S.Com.,Loreto
80983507,Virgilio,Alarcón,Neurología,601424,Desarrollo XWN S.Coop.,Tacna
50477817,Reynaldo,Echevarría,Pediatría,461358,Familia Berrocal S.L.N.E,Loreto
77457571,Natalia,Pujol,Neurología,204904,Supermercados Mateos y asociados S.A.,Lima
92277934,José Antonio,Ros,Cardiología,438161,Suministros del Norte S.C.P,Ayacucho
59118963,Julia,Gárate,Dermatología,156302,Banco Barriga y asociados S.Coop.,Iquitos
82455676,Teresita,Miranda,Dermatología,660567,Macías & Asociados S.L.N.E,Loreto
75945579,Flavio,Álamo,Pediatría,88619,Logística Bernat S.A.,Tumbes
18023629,Consuelo,Figueras,Neurología,317991,Banco Dalmau S.Com.,Tacna
40734267,Carolina,Peñalver,Ginecología,509286,Infraestructuras Españolas S.L.N.E,Tacna
24114230,Zacarías,Arnal,Dermatología,575808,Comercial del Noroeste S.L.N.E,Tacna
64716723,Eliana,Becerra,Ginecología,906915,Bou & Asociados S.Coop.,Iquitos
11236952,Martina,Romeu,Dermatología,950580,Hotel Roda & Asociados S.A.,Tumbes
56517321,Lorena,Pedraza,Cardiología,404815,Tecnologías Vazquez S.Coop.,Tumbes
85573867,Erasmo,Salcedo,Dermatología,823884,Promociones Baños S.A.,Iquitos
25475695,Viviana,Vara,Cardiología,462001,Amorós & Asociados S.Coop.,Lima
46263990,Pilar,Romero,Pediatría,552046,Trujillo y asociados S.Com.,Loreto
31279411,Onofre,Mínguez,Neurología,411686,Instalaciones Morera & Asociados S.L.,Ayacucho
14183827,Abilio,Hervia,Neurología,597003,Finanzas Egea y asociados S.L.,Tumbes
14317679,Amarilis,Batlle,Dermatología,557791,Belen Benet Calleja S.L.,Iquitos
42553822,Rubén,Cantero,Pediatría,917450,Promociones Chacón y asociados S.L.,Piura
36128122,Leocadio,Baena,Dermatología,793041,Aragón y Cerdá S.A.,Tumbes
58334276,Dani,Pinto,Neurología,235165,Logística XI S.A.,Loreto
78132765,David,Santamaría,Ginecología,968759,Hotel Martinez S.Coop.,Tumbes
51994537,Lope,Molina,Pediatría,671817,Farmaceútica Tello & Asociados S.A.,Tacna
20734519,Magdalena,Aller,Dermatología,794888,Niño & Asociados S.A.T.,Piura
43696784,Desiderio,Castells,Dermatología,11583,Inversiones Globales S.L.,Ayacucho
11463209,Goyo,Campo,Cardiología,826503,Aguilera y Almagro S.L.U.,Iquitos
70587812,Leonor,Carretero,Ginecología,259203,Banco Pujadas S.Com.,Loreto
28976736,Ana Sofía,Luís,Ginecología,901925,Familia Llanos S.L.L.,Tacna
25576657,Clemente,Roura,Ginecología,940959,Farmaceútica IHPT S.Com.,Piura
25974962,Pastor,Osuna,Dermatología,102886,Alimentación Internacionales S.Com.,Iquitos
66013686,Custodia,Donoso,Pediatría,276154,Félix Iglesias Dueñas S.Coop.,Loreto
13994492,Lino,Haro,Ginecología,755258,Tirado y Guillén S.Com.,Iquitos
90829045,Valentina,Larrañaga,Ginecología,121747,Consultoría Araujo S.Com.,Iquitos
47966856,Tania,Hierro,Dermatología,228526,Talleres QN S.Coop.,Piura
94487350,Vidal,Prats,Dermatología,568276,Despacho Priego S.Coop.,Tumbes
32005929,Encarnación,Reina,Pediatría,159865,Construcción Verdugo S.Com.,Iquitos
19900375,Poncio,Mate,Ginecología,503180,Garriga & Asociados S.Coop.,Tacna
43819556,Juan Antonio,Posada,Ginecología,924587,Fábrica Barros S.A.,Iquitos
94066992,Olga,Fuster,Cardiología,600021,Báez y Isern S.Coop.,Huanuco
76796315,Nélida,Tapia,Neurología,746035,Regina Millán Andrade S.L.,Piura
54404432,Hilda,Alarcón,Pediatría,504982,Saavedra y Cal S.A.,Piura
91275044,Graciela,Gomis,Pediatría,231350,Comercializadora Iberia S.L.N.E,Ayacucho
34450169,Úrsula,Moles,Dermatología,427074,Familia Santamaria S.A.,Iquitos
58090372,Luisina,Mármol,Cardiología,906672,Despacho PNZD S.L.N.E,Tacna
66611416,Ignacio,Revilla,Dermatología,375628,Promociones Valcárcel S.L.U.,Ayacucho
7945177,Rafael,Lasa,Dermatología,452634,Crespi y Figueroa S.Coop.,Huanuco
1594224,Maricruz,Palacio,Neurología,987054,Prat & Asociados S.L.N.E,Iquitos
46413343,Ciriaco,Sastre,Neurología,7522,Finanzas Mariscal S.L.L.,Tumbes
91610585,Maximiliano,Carro,Neurología,727512,Restauración VUV S.L.,Piura
59495933,Lorenzo,Barrera,Cardiología,461283,Suministros Piñeiro S.Coop.,Iquitos
33587576,Candela,Riquelme,Ginecología,659707,Construcción Española S.L.N.E,Ayacucho
42355147,José Manuel,Calzada,Cardiología,90055,Mayol y Tenorio S.Coop.,Lima
28261892,Juan José,Morcillo,Dermatología,217057,Durán & Asociados S.L.U.,Huanuco
82163091,Tiburcio,Cabanillas,Pediatría,513712,José Ángel Casal Tolosa S.L.,Loreto
20168372,Andrés Felipe,Guzman,Dermatología,211386,Grupo Galiano S.A.D,Piura
43653555,Amparo,Viña,Cardiología,103084,Farmaceútica XR S.Com.,Ayacucho
49011984,Daniela,Chacón,Cardiología,145539,Grupo Mariscal S.C.P,Tacna
22582296,Lara,Miranda,Neurología,192548,María Del Carmen Rebollo Barba S.Coop.,Loreto
70699936,Bruno,Ayllón,Pediatría,961764,Maldonado y Sanabria S.Com.,Tacna
34905944,Anselmo,Hernández,Neurología,706171,Transportes MFVE S.Com.,Tacna
28691654,Hermenegildo,Botella,Dermatología,962542,Sosimo Roldan Martínez S.L.N.E,Piura
90625661,Fernanda,Aguilera,Ginecología,635842,Grupo Barrera S.L.L.,Piura
434896,Herminio,Ibarra,Pediatría,136052,Comercializadora Muro y asociados S.L.,Lima
19452866,Paca,Carbonell,Dermatología,482465,Soluciones Feliu S.L.,Ayacucho
75867566,Maristela,Tenorio,Cardiología,928881,Raya & Asociados S.L.,Iquitos
46064811,Marcia,Cánovas,Cardiología,31676,Grupo Guillén S.L.,Iquitos
30468722,Samuel,Marco,Cardiología,640703,Bayona y Garay S.A.U,Tumbes
3250148,Hermenegildo,Macías,Dermatología,21716,Instalaciones Medina y asociados S.A.T.,Loreto
68415294,Ester,Montserrat,Neurología,260487,Logística Borrell & Asociados S.A.,Iquitos
56775422,Salomé,Castillo,Ginecología,523673,Logística del Norte S.L.,Iquitos
54087424,Manola,Campo,Pediatría,718526,Familia Plana S.L.L.,Piura
37433509,Marisa,Castro,Cardiología,550981,Transportes NQFW S.Com.,Tacna
7663389,Ale,Llamas,Neurología,680586,Juana Tejedor Angulo S.A.,Lima
93105776,Carina,Salom,Pediatría,170120,Cosme Gascón Guzmán S.L.U.,Ayacucho
53422177,Roldán,Zamorano,Cardiología,494435,Construcción OF S.Com.,Loreto
59724180,Emiliano,Pereira,Pediatría,499744,Alcalá y asociados S.L.N.E,Piura
14938994,Concha,Casals,Dermatología,232431,Distribuciones Velasco S.C.P,Lima
64419069,Lucía,Villa,Ginecología,86003,Comercializadora CU S.L.,Lima
91608231,Magdalena,Mate,Dermatología,201345,Restauración Iglesias & Asociados S.Coop.,Tumbes
8067015,Rafaela,Llabrés,Cardiología,495981,Finanzas HUUH S.Com.,Huanuco
73408530,Nereida,Cáceres,Cardiología,799451,Desarrollo Soler S.L.N.E,Tumbes
64835787,José,Montaña,Neurología,639190,Compañía YK S.L.N.E,Tacna
55473329,Martina,Garriga,Neurología,131194,Desarrollo KEU S.L.,Iquitos
29442024,Florina,Guerra,Cardiología,47055,Company y Baños S.Coop.,Huanuco
76702791,Manu,Cornejo,Pediatría,267745,Inversiones Amo & Asociados S.L.,Tacna
50653965,Paulino,Palomo,Neurología,293233,Clarisa Jove Montesinos S.Coop.,Iquitos
6970644,Trinidad,Cifuentes,Neurología,636953,Figuerola y Velasco S.L.,Lima
10232557,Aureliano,Hervia,Dermatología,990244,Desarrollo Luz S.A.,Loreto
97382518,Virginia,Garcés,Cardiología,749248,Doménech y Pozo S.A.D,Ayacucho
92766077,Mariano,Navarro,Neurología,125221,Consultoría Iberia S.A.,Lima
75153431,Ainara,Ruiz,Cardiología,636592,Azcona & Asociados S.Com.,Tumbes
64955750,Sara,Hervás,Pediatría,51770,Gutiérrez y Carrasco S.A.D,Lima
30286554,José María,Daza,Dermatología,247026,Despacho SYA S.L.,Tumbes
7064242,Nicodemo,Castell,Cardiología,615105,Logística Avanzadas S.A.,Tumbes
91710490,Renata,Rey,Neurología,53534,Inmobiliaria Bermúdez & Asociados S.A.T.,Iquitos
38319691,Josefina,Ferrando,Ginecología,856657,Ángel y asociados S.A.,Iquitos
63449624,Emiliana,Suarez,Neurología,192998,Despacho Bertrán & Asociados S.Coop.,Ayacucho
9431845,Eloy,Solera,Dermatología,378867,Suministros Salcedo S.L.N.E,Iquitos
56601244,Anselmo,Tomé,Dermatología,87807,Alejo Poza Plaza S.Coop.,Tacna
71810042,Perla,Folch,Cardiología,58474,Fernández y Ramón S.L.U.,Lima
50230570,Clara,Cervantes,Neurología,141499,Servicios OI S.L.L.,Tumbes
8336871,Luisina,Izquierdo,Pediatría,642326,Salvador Marin Vilaplana S.L.,Tumbes
42028040,Pablo,Barriga,Neurología,172921,Inversiones GC S.Coop.,Loreto
36513551,Lorenzo,Ropero,Ginecología,835019,Restauración Bastida & Asociados S.L.N.E,Huanuco
59308058,Isaura,Porta,Pediatría,876263,Gonzalo Uribe Díez S.Coop.,Lima
43574580,Sosimo,Almazán,Pediatría,604239,Isern & Asociados S.L.,Huanuco
40372746,Yolanda,Sánchez,Dermatología,502907,Despacho Sáez y asociados S.A.,Tumbes
40764191,Luis,Capdevila,Dermatología,89460,Aguilar y Blanca S.A.,Tumbes
87708395,Miguel Ángel,Arce,Ginecología,241097,Minería Iberia S.L.,Loreto
99026919,Trini,Priego,Ginecología,607280,Comercial Riquelme S.A.,Piura
64973289,René,Dalmau,Ginecología,124014,Roberto Enríquez Ferrando S.C.P,Lima
28265399,Severiano,Rovira,Ginecología,579985,Familia Arenas S.L.,Ayacucho
79935577,Sarita,Barceló,Dermatología,426522,Industrias NP S.Coop.,Loreto
38853796,Chus,Pinto,Pediatría,958635,Santana y Carranza S.A.D,Iquitos
71029731,María Carmen,Céspedes,Dermatología,310476,Suministros Escobar y asociados S.A.,Iquitos
19403167,Lilia,Sánchez,Ginecología,294011,Suministros CO S.L.,Piura
41963348,Manolo,Hoyos,Dermatología,746140,Compañía Inteligentes S.A.T.,Lima
23411229,Leopoldo,Jerez,Ginecología,237274,Suministros Castellana S.Com.,Ayacucho
60678939,Elodia,Agustín,Pediatría,499174,Fonseca y Canales S.Coop.,Ayacucho
54769683,Bárbara,Juan,Ginecología,167069,Adela Pablo Jurado S.L.N.E,Piura
12796723,Purificación,Castejón,Neurología,282763,Garcia y asociados S.L.,Tumbes
39174266,Trinidad,Rodrigo,Ginecología,846001,Logística Iberia S.Coop.,Loreto
73879337,Filomena,Mínguez,Dermatología,52860,Grupo Pascual S.A.,Piura
60297316,Aura,Porras,Neurología,822882,Arenas & Asociados S.Coop.,Tacna
14550410,Dorotea,Morera,Cardiología,732696,Construcción Ramirez & Asociados S.L.L.,Iquitos
39673027,Bernardita,Sevillano,Cardiología,146847,Vázquez y Terrón S.Coop.,Tumbes
4354652,Bernardita,García,Neurología,644707,Cabrero & Asociados S.Coop.,Ayacucho
69798618,Raúl,Sánchez,Neurología,913450,Grupo Muro S.A.,Lima
95138230,Albert,Miranda,Neurología,396535,Brígida Paniagua Morata S.L.,Loreto
92453366,Geraldo,Llamas,Pediatría,559435,Hermanos Rebollo S.A.,Piura
38656348,Soraya,Campos,Ginecología,122967,Tecnologías Jáuregui y asociados S.A.,Piura
60713599,María Cristina,Calvo,Neurología,180084,Supermercados Miró y asociados S.L.L.,Piura
26715796,Wilfredo,Carrasco,Cardiología,624155,Bonet y Ibañez S.L.L.,Huanuco
83251988,Gaspar,Cabrera,Ginecología,240813,Infraestructuras Castellana S.A.,Iquitos
61161604,Heliodoro,Alsina,Cardiología,121111,Fábrica Beltrán S.Coop.,Loreto
82548862,Diego,Alcaraz,Cardiología,875122,Manufacturas Porras y asociados S.A.T.,Iquitos
29657650,Paola,Lledó,Ginecología,238684,Servicios González y asociados S.L.,Huanuco
4327739,Inmaculada,Piña,Neurología,702345,Inmobiliaria RH S.Com.,Piura
29627382,Anabel,Múñiz,Neurología,957122,Berrocal y Barreda S.L.N.E,Piura
10654972,Elena,Aguado,Ginecología,998469,Hnos Aguilera S.Coop.,Piura
59493305,Amarilis,Amor,Cardiología,766398,Matías Seguí Coll S.L.L.,Loreto
589913,Maribel,Mata,Ginecología,152668,Salvador & Asociados S.Com.,Lima
94361173,Albert,Cámara,Neurología,475111,Restauración Hoyos S.Coop.,Loreto
31514631,Raquel,Vizcaíno,Pediatría,416714,Promociones Agudo & Asociados S.A.,Piura
71634975,Ramiro,Hidalgo,Ginecología,750213,Finanzas GRB S.L.,Ayacucho
56445993,Gonzalo,Vilaplana,Ginecología,853724,Estevez & Asociados S.A.,Tacna
74382878,Juan Antonio,Torrent,Neurología,731729,Albina Oliver Sureda S.Coop.,Lima
37715275,Alejandro,Calderón,Neurología,760558,Talleres Cerdá S.A.T.,Lima
346356,Anastasia,Conesa,Cardiología,744909,Restauración DZS S.A.,Ayacucho
40003922,Anacleto,Granados,Cardiología,601697,Alonso & Asociados S.L.L.,Ayacucho
36372693,Paola,González,Dermatología,375982,Manufacturas ML S.C.P,Lima
79374708,Nando,Domínguez,Dermatología,782202,Jose Carlos Alberdi Torrecilla S.Coop.,Iquitos
88029441,Serafina,Andres,Ginecología,766466,Tecnologías IE S.A.,Huanuco
62668194,Jenny,Benet,Dermatología,584162,Loreto Aguilar Navas S.Com.,Lima
69965174,Erasmo,Rovira,Cardiología,500972,Hnos Arnaiz S.A.,Lima
72677943,Régulo,Roselló,Pediatría,548249,Exposito & Asociados S.A.,Tumbes
233985,Jafet,Guillén,Pediatría,428033,Desarrollo Vázquez S.L.,Piura
98243486,Merche,Camacho,Neurología,408582,Rosenda Duque Criado S.Com.,Tumbes
13126985,Pili,Collado,Pediatría,729209,Castrillo y Ramis S.Coop.,Huanuco
52280030,Adelardo,Navas,Cardiología,927492,Comercializadora Novoa y asociados S.Com.,Loreto
50421819,Antonio,Arellano,Pediatría,392403,Jover y Tejero S.L.L.,Ayacucho
76825958,Darío,Larrañaga,Ginecología,742421,Familia Cuesta S.L.N.E,Piura
19959837,Matías,Fiol,Dermatología,150509,Instalaciones Manzano & Asociados S.L.,Piura
21625892,Ángeles,Atienza,Neurología,778776,Adelaida Nieto Vigil S.Com.,Ayacucho
4037358,Sandalio,Casanova,Ginecología,109968,Molins y Rosado S.A.,Loreto
98521637,Pablo,Robledo,Cardiología,503316,Julia Iborra Valderrama S.L.,Huanuco
30253139,Fanny,Palomo,Dermatología,220046,Comercial Samper y asociados S.L.,Huanuco
20209366,América,Gallego,Neurología,995922,Comercial del Noroeste S.Com.,Iquitos
33941819,Fernando,Castillo,Cardiología,571826,Grupo Morcillo S.L.,Tacna
53236963,Jimena,Nadal,Dermatología,241876,Grupo Palomares S.Com.,Tumbes
90032082,María Carmen,Sainz,Cardiología,536704,Fábrica Cardona S.Com.,Tumbes
73771753,Álvaro,Arana,Neurología,228717,Aller y asociados S.Coop.,Huanuco
75010543,Rita,Narváez,Dermatología,188848,Hermanos Cabeza S.A.,Huanuco
34854203,Cipriano,Rosado,Dermatología,75286,Giménez y Manso S.Coop.,Huanuco
38564776,Apolonia,Abella,Dermatología,743746,Despacho del Noroeste S.Com.,Tumbes
79379168,Amanda,Pintor,Neurología,293401,Benigna Torralba Barral S.Coop.,Tumbes
1981879,Matías,Román,Cardiología,101999,Hervia y Urrutia S.C.P,Iquitos
40607534,Raimundo,Lluch,Pediatría,94867,Hnos Mora S.C.P,Ayacucho
89484923,Eric,Uría,Pediatría,769079,Finanzas TF S.L.,Tumbes
17695653,Calista,Rojas,Cardiología,12180,Soluciones Jara y asociados S.A.,Loreto
95255728,Adela,Sala,Neurología,772862,Transportes Menéndez S.A.,Loreto
74608899,Odalis,Martínez,Dermatología,915620,Íngrid Acedo Roldan S.A.,Loreto
47259788,Salud,Acero,Dermatología,406305,Agudo & Asociados S.Coop.,Tumbes
85678792,Fabiana,Ocaña,Dermatología,26315,Hnos Zamorano S.Coop.,Loreto
51909451,Ema,Osuna,Cardiología,919582,Farmaceútica Ibáñez S.Com.,Ayacucho
47235640,Álvaro,Villa,Cardiología,714445,Consultoría Manzanares & Asociados S.Com.,Tumbes
83845893,Horacio,Ponce,Neurología,200793,Cazorla y Toro S.L.,Huanuco
69958278,Natanael,Noriega,Dermatología,953221,Familia Fuente S.L.N.E,Iquitos
83662911,Hilario,Serra,Ginecología,848922,Consultoría Integrales S.L.N.E,Piura
67253434,Consuelo,Guardiola,Cardiología,870027,Manufacturas MYYW S.L.N.E,Huanuco
60586231,Erasmo,Rozas,Ginecología,738706,Zaragoza y asociados S.L.,Lima
85365105,Luciano,Ramírez,Dermatología,183971,Epifanio Roldan Echevarría S.Com.,Lima
9374130,Dani,Bernat,Pediatría,842256,Inversiones Llano y asociados S.A.T.,Tumbes
39120363,Primitiva,Rosado,Cardiología,75973,Manufacturas del Sur S.L.N.E,Lima
90537407,Mariana,Nicolau,Cardiología,752341,Suministros Ibérica S.A.,Tumbes
14159478,Áurea,Salinas,Neurología,886092,Familia Capdevila S.A.,Piura
69711993,Ascensión,Prado,Pediatría,891426,Comercializadora Larrea y asociados S.L.,Piura
63949401,Brígida,Arce,Ginecología,355963,Valencia y Juan S.A.,Piura
57558390,Efraín,Noriega,Neurología,510302,Desarrollo Aller S.L.N.E,Iquitos
42035031,Esmeralda,Díaz,Pediatría,453103,Hotel BZFC S.A.,Loreto
88409502,Nando,Cuevas,Pediatría,967419,Díez y asociados S.Com.,Tacna
4055379,Emilia,Garay,Dermatología,493831,Hermanos Galán S.A.,Lima
55082238,Angelina,Gonzalez,Neurología,219743,Tecnologías Moliner S.L.L.,Ayacucho
75957300,Isaura,Reig,Pediatría,272823,Familia Coca S.Coop.,Piura
28194377,Asdrubal,Hernandez,Cardiología,906158,Larrea y asociados S.Com.,Tacna
33973206,Pelayo,Iniesta,Cardiología,138453,Suministros Española S.Com.,Tacna
17030146,Amílcar,Murcia,Neurología,809193,Hotel Lobo S.L.L.,Lima
95589058,Aurelio,Rios,Cardiología,416171,Inversiones Ibéricos S.Coop.,Loreto
71857048,Cándido,Corral,Cardiología,554945,Construcción Checa y asociados S.L.U.,Huanuco
19406690,Odalys,Águila,Cardiología,764042,Talleres Iberia S.A.,Tumbes
31395491,Emigdio,Pallarès,Dermatología,740659,Muñoz y Sarabia S.Coop.,Tacna
67568550,María Teresa,Ferrándiz,Dermatología,784165,Fiol y Benavente S.L.,Piura
55855471,Nilo,Calvo,Neurología,758286,Supermercados Abril & Asociados S.Com.,Piura
85944922,Bernardita,Plaza,Dermatología,679407,Banco Cantero S.A.,Huanuco
87173278,Aarón,Ropero,Neurología,906728,Hnos Verdugo S.L.,Huanuco
65684257,Jordana,Pellicer,Dermatología,758994,Fábrica Alemany S.Coop.,Iquitos
39457622,Ruperto,Ferrer,Neurología,431412,Riquelme y Cerezo S.A.,Tumbes
46328693,Margarita,Carlos,Dermatología,373660,Servicios Iglesias S.Com.,Piura
47287940,Joaquina,Talavera,Cardiología,870982,Grupo Morán S.A.,Tacna
59689518,Melisa,Galiano,Cardiología,188704,África Batlle Ros S.Coop.,Tumbes
21367446,Nazaret,Juan,Ginecología,637922,Reig & Asociados S.A.,Iquitos
75629182,Violeta,Capdevila,Ginecología,572636,Dafne Vera Escudero S.L.,Iquitos
89183119,María Belén,Álamo,Pediatría,481648,Joaquín Paz Tolosa S.L.,Ayacucho
54164905,Reinaldo,Torrent,Cardiología,153637,Industrias AOW S.L.,Huanuco
59106978,Marco,Ripoll,Dermatología,874432,Llamas y asociados S.Coop.,Ayacucho
42370892,Ciríaco,Talavera,Neurología,704358,Infraestructuras Pont y asociados S.C.P,Lima
55788447,Cayetano,Pavón,Cardiología,415435,Industrias PBA S.L.L.,Huanuco
27427722,Paloma,Bermúdez,Neurología,621131,Leire Correa Diego S.L.N.E,Ayacucho
96809419,Paulino,Bastida,Neurología,678373,Finanzas Inteligentes S.A.,Loreto
98471992,Teófilo,Esteban,Pediatría,983986,Macarena Agustí Sevilla S.C.P,Piura
19860870,Julieta,Cervera,Dermatología,787357,Infraestructuras TCT S.Com.,Tacna
25070157,Rufino,Muro,Neurología,722035,Vaquero & Asociados S.Com.,Huanuco
53488283,Rafael,Alcalde,Ginecología,768722,Soluciones Ballesteros S.A.,Iquitos
73506167,Nieves,Águila,Cardiología,837799,Pavón y Río S.Coop.,Ayacucho
94531646,Faustino,Zamorano,Ginecología,869004,Banco Ibéricos S.Com.,Tumbes
18096780,Daniela,Tejero,Dermatología,355379,Construcción Expósito y asociados S.A.T.,Tacna
37431419,María Luisa,Novoa,Ginecología,552530,Ángela Vazquez Sebastián S.L.,Lima
35782789,Domitila,Torre,Pediatría,507245,Comercial Jove y asociados S.L.L.,Tumbes
76800487,Sol,Bermejo,Dermatología,164260,Familia Menendez S.L.,Piura
11613954,Ximena,Meléndez,Neurología,298360,Farmaceútica Ferrándiz & Asociados S.Com.,Tacna
11198946,Fortunato,Piquer,Pediatría,679197,Hnos Mulet S.A.,Tumbes
10279228,Espiridión,Quevedo,Neurología,81226,Farmaceútica Cervera S.L.,Huanuco
37966280,Agustín,Barba,Ginecología,402611,Instalaciones Españolas S.Com.,Tacna
75247258,Xiomara,Nogués,Dermatología,462640,Jaén y Arregui S.C.P,Tumbes
52210847,Alejandra,Torrecilla,Ginecología,664514,Suministros Hernando y asociados S.A.,Loreto
11569785,Dionisio,Fuentes,Pediatría,283465,Hidalgo y Villalonga S.A.,Lima
29109562,Esperanza,Garmendia,Pediatría,793762,Construcción Dueñas & Asociados S.L.N.E,Iquitos
9783844,Selena,Ayala,Pediatría,10405,Instalaciones Cueto y asociados S.Coop.,Tacna
55831149,Dora,Atienza,Pediatría,930776,Cuervo y Ortiz S.L.N.E,Ayacucho
57401089,Arturo,Riera,Neurología,387770,Instalaciones Pol & Asociados S.A.U,Tumbes
43168328,Adelia,Cervera,Cardiología,22808,Supermercados del Norte S.A.,Piura
81368050,Matías,Cerezo,Dermatología,228411,Talleres Castellana S.Coop.,Piura
91746775,Oriana,Flor,Cardiología,776910,Infraestructuras Menendez S.A.,Tacna
21524741,Mirta,Arteaga,Cardiología,966978,Industrias Cadenas S.A.T.,Loreto
73887289,Asdrubal,Valencia,Neurología,871920,Servicios Integrales S.Coop.,Piura
13283315,Delfina,Tur,Dermatología,976902,Tecnologías CV S.L.N.E,Loreto
46643886,Celestino,Cárdenas,Neurología,670322,Miranda y Pla S.Coop.,Piura
15939535,Severino,Cabanillas,Cardiología,517206,Farmaceútica CJV S.L.,Lima
67963793,Marcia,Saura,Neurología,555717,Compañía Sola S.Coop.,Loreto
86911419,Cecilio,Escrivá,Pediatría,123773,Lerma & Asociados S.L.,Piura
19657660,Febe,Vila,Pediatría,874787,Almansa & Asociados S.Coop.,Huanuco
607359,Gala,Mateos,Dermatología,308094,Comercializadora Integrales S.A.,Ayacucho
15190466,José Mari,Mora,Pediatría,130326,Gomila y Aroca S.L.N.E,Tumbes
77571795,Nadia,Ayllón,Dermatología,207797,Talleres Cueto S.L.L.,Huanuco
23328333,Gaspar,Godoy,Ginecología,769452,Guzmán y Arnau S.L.L.,Tacna
94121852,Inés,Vélez,Neurología,731785,Galán & Asociados S.Com.,Tacna
33647309,Roque,Ros,Neurología,142465,Manufacturas del Sur S.A.T.,Huanuco
97722373,Reyna,Molins,Cardiología,106083,Tecnologías XHFA S.A.,Tumbes
4591310,Chelo,Fortuny,Neurología,737521,Talleres Manuel S.C.P,Lima
90131161,Asdrubal,Carbó,Pediatría,628874,Comercial Gárate S.Com.,Ayacucho
78275565,Lucas,Aragonés,Neurología,712984,Busquets y asociados S.Coop.,Tumbes
69300001,Pablo,Barbero,Neurología,502634,Construcción Abella S.Com.,Tacna
68562581,Felix,Carrera,Dermatología,426850,Hnos Macías S.A.D,Ayacucho
48707108,Manola,Abellán,Pediatría,684038,Salcedo y Baró S.A.,Huanuco
9907358,Fátima,Valderrama,Ginecología,819077,Restauración Vaquero y asociados S.L.N.E,Tacna
60734144,Iris,Busquets,Cardiología,512297,Marquez & Asociados S.L.N.E,Loreto
32490040,Carlota,Nevado,Pediatría,274201,Navarrete y Arce S.L.N.E,Huanuco
58644678,Modesta,Murcia,Pediatría,298446,Barrios y asociados S.Com.,Lima
24020710,Delia,Alcaraz,Cardiología,818121,Construcción Globales S.C.P,Piura
58175724,Felisa,Guitart,Neurología,558826,Andrés & Asociados S.C.P,Tumbes
33341592,Rodolfo,Blanco,Cardiología,607710,Alimentación Zabaleta y asociados S.A.,Tacna
92972797,Aránzazu,Aguado,Pediatría,169865,Inversiones BYQO S.A.,Ayacucho
8951451,Juanito,Vélez,Dermatología,533698,Comercial LOJP S.A.,Huanuco
32700635,Sandalio,Asenjo,Pediatría,788940,Banco FEP S.L.,Piura
56940776,Carmela,Durán,Ginecología,524501,Consultoría AXD S.L.,Loreto
38148026,Albano,Cid,Pediatría,354946,Almudena Pinedo Echevarría S.L.,Tumbes
57403548,Miguela,Suárez,Pediatría,1645,Alimentación Española S.L.N.E,Iquitos
50408739,Lorenzo,Zamorano,Dermatología,365178,Peñalver & Asociados S.A.,Iquitos
33858217,Manu,Pinto,Pediatría,406439,Banca Privada Rey y asociados S.Coop.,Tacna
91842567,Demetrio,Villena,Cardiología,596735,Restauración TAO S.A.D,Tacna
50360385,Corona,Armengol,Dermatología,677980,Servicios BPP S.Coop.,Huanuco
30751221,Iris,Diéguez,Pediatría,478575,Roberta Castro Arévalo S.Com.,Ayacucho
4995719,Javi,Ugarte,Ginecología,822835,Alejandro Herrero Rivas S.L.,Tumbes
55630866,Bartolomé,Sotelo,Cardiología,443459,Jenaro Navarro Moll S.A.,Huanuco
3598557,Juan Carlos,Casanova,Ginecología,743772,Banca Privada Artigas S.Com.,Tumbes
67694780,Joel,Escudero,Dermatología,118452,Palacio y Larrea S.L.,Lima
11835282,Emelina,Silva,Ginecología,416265,Batalla y asociados S.Com.,Tacna
88009151,Encarna,Flores,Dermatología,571982,Servicios Jara y asociados S.L.,Iquitos
63846334,Graciana,Ropero,Pediatría,156748,Supermercados Ibéricos S.A.U,Tacna
83211405,Teófila,Mendez,Ginecología,754648,Almansa y Aparicio S.A.,Ayacucho
2919254,Lázaro,Bustamante,Pediatría,165709,Soluciones Vergara S.Coop.,Piura
40080962,Casemiro,Pozo,Cardiología,890140,Distribuciones Díaz S.A.U,Tumbes
8128891,Abraham,Esteve,Dermatología,676665,Promociones Toro y asociados S.L.N.E,Lima
78477971,Fidela,Díaz,Pediatría,870961,Inversiones Ayuso y asociados S.Coop.,Tacna
47699968,Arsenio,Alcázar,Ginecología,834406,Soluciones del Noroeste S.L.U.,Iquitos
86459727,Angelina,Ibañez,Cardiología,241644,Soluciones Internacionales S.L.U.,Tumbes
74818022,Otilia,Garzón,Cardiología,45555,Palacios y asociados S.Coop.,Huanuco
87501392,Bárbara,Querol,Dermatología,866682,Consultoría Recio S.A.T.,Ayacucho
40933004,Toni,Salazar,Neurología,530000,Donoso & Asociados S.Coop.,Tacna
42659018,Álvaro,Parejo,Ginecología,881413,Villalobos y Teruel S.L.L.,Iquitos
52208469,Luciana,Porta,Ginecología,9571,Imelda Adadia Zorrilla S.Coop.,Iquitos
68116771,Ruben,Baquero,Neurología,701951,Ferrándiz & Asociados S.Com.,Huanuco
95003161,Enrique,Izaguirre,Ginecología,926080,Alimentación Puente & Asociados S.Com.,Lima
91940508,Araceli,Lucas,Cardiología,912879,Hotel Segura S.L.N.E,Iquitos
83884769,Anselmo,Ortiz,Ginecología,658489,Hnos Herrero S.L.,Piura
12597578,Carmelita,Merino,Cardiología,954621,Hnos Sosa S.L.N.E,Tacna
8148033,Ildefonso,Barón,Neurología,419593,Duarte y asociados S.Com.,Tumbes
28276019,Baltasar,Piñol,Dermatología,459470,Ruano & Asociados S.A.T.,Iquitos
51735863,Reynaldo,Cano,Neurología,40672,Hnos Sancho S.Coop.,Loreto
96023186,Donato,Álvarez,Ginecología,220468,Industrias Padilla y asociados S.L.N.E,Piura
92646216,Martin,Sanmiguel,Dermatología,464854,Industrias KT S.Com.,Piura
78755281,Remedios,Manso,Ginecología,542129,Inmobiliaria del Norte S.A.,Iquitos
33426603,Teobaldo,Sacristán,Cardiología,283763,Montalbán y Núñez S.A.,Ayacucho
24749488,María Ángeles,Pou,Pediatría,333643,Compañía Montero S.A.,Huanuco
44334886,Chelo,Seco,Pediatría,600051,Instalaciones Toledo y asociados S.L.,Huanuco
72424166,Arsenio,Páez,Neurología,379409,Fábrica Azcona y asociados S.C.P,Huanuco
81410429,Rosa,Gámez,Neurología,685012,Despacho BBEU S.A.,Ayacucho
27619361,Victoria,Pou,Dermatología,111778,Inversiones del Norte S.A.,Loreto
1503923,Águeda,Colom,Cardiología,853103,Cantón y asociados S.Coop.,Loreto
77120825,Regina,Diego,Neurología,243073,Lilia Oliva Amor S.Coop.,Loreto
42532003,Laura,Alberdi,Dermatología,312609,Construcción Españolas S.L.,Tumbes
23422179,Seve,Roma,Pediatría,730046,Restauración Carmona S.Coop.,Loreto
52523550,Elpidio,Peñalver,Cardiología,91798,Estrada y Cuesta S.L.L.,Tacna
51955574,Cipriano,Martinez,Ginecología,235646,Echeverría & Asociados S.L.N.E,Loreto
14570787,Florencio,Marqués,Ginecología,727319,Cano & Asociados S.L.,Tacna
2782040,Goyo,González,Cardiología,855880,Comercializadora Blanco y asociados S.A.,Piura
3788841,Hilda,Benet,Pediatría,594275,Hermanos Acedo S.Coop.,Loreto
96610839,Édgar,Cortes,Neurología,507567,Banca Privada Quero S.L.N.E,Piura
5586983,Pilar,Santiago,Dermatología,653266,Talleres Bru & Asociados S.L.,Loreto
34661148,Jordi,Querol,Cardiología,857967,Farmaceútica BLKB S.L.,Huanuco
85370269,Juan Pablo,Nicolau,Neurología,466150,Servicios Castellana S.L.N.E,Ayacucho
68336877,Venceslás,Pi,Ginecología,808217,Comercializadora Jimenez S.L.L.,Iquitos
89315917,Andrés Felipe,Gomez,Cardiología,825702,Grupo Romeu S.A.,Lima
82697383,Martin,Castellanos,Neurología,980069,Edelmira Gomila Pareja S.Com.,Tumbes
33510636,Eva María,Luz,Neurología,538385,Grupo Batalla S.Com.,Huanuco
89951281,Celia,Abad,Dermatología,598336,Instalaciones del Norte S.L.,Piura
41783128,Baudelio,Salcedo,Ginecología,526728,Clavero y Ferrera S.L.N.E,Ayacucho
11858265,Estela,Izaguirre,Neurología,313859,Calvo y Jódar S.Com.,Tacna
24068606,Tristán,Garay,Pediatría,41895,Instalaciones ERLO S.L.,Lima
88201300,Candela,Bonet,Ginecología,242167,Farmaceútica ILR S.Com.,Tacna
67766963,Evelia,Porcel,Neurología,400153,Ariel Santamaria Puente S.Com.,Loreto
174010,Emiliana,Cervantes,Cardiología,584320,Construcción Fernandez y asociados S.C.P,Loreto
14349318,Vinicio,Vila,Neurología,565848,Industrias MOJ S.L.,Loreto
42018662,Bernardo,Ramirez,Cardiología,103219,Suministros HBF S.C.P,Ayacucho
719426,Leandro,Bayón,Neurología,550397,Vigil & Asociados S.Coop.,Iquitos
8504460,Remigio,Andrés,Cardiología,475141,Goicoechea & Asociados S.L.,Lima
88813743,Luisina,Montoya,Neurología,48128,Construcción Agudo S.L.U.,Tacna
33823835,Efraín,Pagès,Cardiología,408020,Hnos Franco S.L.,Tacna
63098791,Moisés,Aragón,Cardiología,920095,Sarita Cortes Olivé S.L.,Lima
34561014,Saturnino,Nevado,Dermatología,945773,Brígida Tudela Vara S.L.N.E,Huanuco
97555485,Pili,Uría,Pediatría,941206,Mateo y Espejo S.L.N.E,Tacna
28252935,Primitiva,Julián,Neurología,83980,Comercializadora THN S.L.N.E,Huanuco
26380253,Benita,Hoyos,Pediatría,560911,Cuervo & Asociados S.A.,Tumbes
60723931,Jacinto,Andrés,Dermatología,572311,Compañía Españolas S.L.,Tacna
90911646,Agapito,Cuéllar,Dermatología,995720,Bartolomé y asociados S.L.,Lima
80011091,Porfirio,Gracia,Pediatría,695432,Comercializadora KS S.Com.,Tumbes
32148933,Darío,Mulet,Cardiología,508025,Instalaciones Moll S.Coop.,Iquitos
47527542,Desiderio,Aparicio,Ginecología,182737,Hermanos Acosta S.A.,Loreto
45762333,Ramón,Nebot,Pediatría,372424,Infraestructuras Saez y asociados S.A.,Lima
20866088,Nazario,Jurado,Dermatología,398481,Hnos González S.L.,Huanuco
76873145,Macaria,Vergara,Ginecología,826549,Banca Privada RMI S.Coop.,Ayacucho
41695274,Eligio,Marquez,Neurología,21390,Arnal y Zabala S.A.,Tumbes
50853541,Fabiana,Orozco,Pediatría,84855,Jara y Jáuregui S.L.,Tumbes
5392650,Maximiano,Romero,Cardiología,368346,Agustín Hierro Barreda S.L.N.E,Lima
58621261,Eva María,Blasco,Dermatología,615389,Inversiones Priego y asociados S.A.,Ayacucho
57852314,Leonardo,Benitez,Neurología,257283,Promociones TZE S.L.N.E,Lima
84373754,Fabián,Llamas,Cardiología,28978,Suministros Garmendia S.L.L.,Iquitos
48529787,Ambrosio,Mendez,Neurología,511049,Servicios Ferrán S.Coop.,Tumbes
22574382,Etelvina,Calzada,Ginecología,569361,Despacho DUV S.Coop.,Piura
13157938,Dimas,Ribes,Dermatología,593903,Minería GI S.L.,Ayacucho
15040864,Javier,Cámara,Neurología,819071,Consultoría VJD S.L.,Tumbes
47215542,Roberto,Camacho,Neurología,622542,Logística DK S.C.P,Tacna
74475663,Isabel,Gárate,Dermatología,196435,Grupo Marquez S.L.,Iquitos
7875862,Virgilio,Coca,Pediatría,308715,Hermanos Montoya S.A.,Lima
98576666,Gabriela,Ferrero,Cardiología,581974,Pilar Sedano Tena S.C.P,Iquitos
78948264,Ángela,Ribas,Pediatría,873062,Regina Narváez Ibañez S.Coop.,Loreto
65262271,Iker,Águila,Dermatología,890282,Comercial VYCI S.Com.,Piura
8819410,Esmeralda,Pera,Ginecología,205475,Comercializadora Maldonado y asociados S.L.U.,Tacna
89596474,Edgardo,Sales,Dermatología,583504,Minería Valencia S.Coop.,Lima
41525073,Nico,Jódar,Ginecología,527182,Mur & Asociados S.L.,Iquitos
85873432,Tecla,Barral,Ginecología,695881,Infraestructuras Lumbreras & Asociados S.L.,Piura
21263264,Leandro,Simó,Dermatología,80587,Consultoría del Sur S.Coop.,Huanuco
94245860,Baudelio,Adadia,Ginecología,986403,Minería Acedo y asociados S.L.,Iquitos
79768564,Primitivo,Ledesma,Ginecología,280387,Sol Borrás Montenegro S.L.,Ayacucho
42858745,Dorotea,Pera,Ginecología,409990,Figuerola & Asociados S.L.,Iquitos
53883656,Piedad,Borrás,Dermatología,448394,Compañía Valverde S.Coop.,Lima
69401440,Saturnina,Mayol,Dermatología,821564,Llobet y Ocaña S.Com.,Lima
34542207,Alma,Exposito,Ginecología,327023,Servicios Arranz S.L.,Tacna
18599014,Vidal,Olmo,Pediatría,583853,Fabra y Sola S.Coop.,Iquitos
21134327,Iris,Rivero,Neurología,569049,Desarrollo Avanzadas S.C.P,Tacna
34676252,Salomé,Mir,Neurología,266045,Desarrollo Planas S.L.L.,Tumbes
61927291,Bartolomé,Morera,Neurología,769613,Inversiones Tur S.Coop.,Iquitos
60390323,Perla,Peiró,Pediatría,413659,Conesa & Asociados S.Coop.,Iquitos
86319826,Luz,Farré,Neurología,69936,Hermanos Manuel S.L.N.E,Lima
37726286,Leopoldo,Abascal,Dermatología,548542,Logística del Noroeste S.A.,Loreto
11827356,Bruno,Lucena,Cardiología,856579,Despacho Giner y asociados S.C.P,Iquitos
74175247,Isaías,Flores,Cardiología,2127,Tecnologías Fábregas S.Com.,Tumbes
50639586,Graciana,Giralt,Dermatología,899779,Logística Vizcaíno S.A.,Ayacucho
78421704,Julia,Campos,Dermatología,742836,Logística EHZX S.Com.,Tacna
75244030,Emma,Carreras,Neurología,156735,Alimentación Rivero y asociados S.A.,Piura
6872700,Hernando,Castillo,Cardiología,6677,Palmer & Asociados S.A.,Iquitos
69065228,Anita,Bilbao,Dermatología,645775,Puente y Blázquez S.L.,Iquitos
33868547,Cristian,Osuna,Ginecología,651167,Mendoza & Asociados S.Com.,Huanuco
88391873,María Carmen,Huguet,Neurología,565497,Comercial QOVO S.Coop.,Huanuco
79953469,Juliana,Montserrat,Ginecología,796803,Perla Pereira Valderrama S.L.N.E,Ayacucho
96370498,Adelia,Expósito,Cardiología,226008,Transportes Almansa S.Coop.,Iquitos
30781089,Emma,Olivares,Neurología,87932,Soluciones NH S.Com.,Tumbes
654099,Adolfo,Aguilera,Dermatología,773627,Águila & Asociados S.C.P,Loreto
9208369,Encarna,Román,Pediatría,422907,Salomé Botella Pardo S.Com.,Iquitos
67810500,Carolina,Zaragoza,Cardiología,880626,Tecnologías Alarcón S.Coop.,Iquitos
74384317,Julio,Galan,Cardiología,563604,Guzman y asociados S.Com.,Tumbes
55733833,Eugenia,Cerdá,Neurología,295595,Banca Privada del Mediterráneo S.Coop.,Tumbes
36791962,Iker,Colomer,Pediatría,492312,Espada y Riquelme S.C.P,Tumbes
53506450,Wilfredo,Barrio,Dermatología,693101,Severo Antón Guijarro S.L.,Piura
7562485,Obdulia,Estrada,Pediatría,920468,Despacho Cortina S.L.,Iquitos
30143576,Rubén,Alfonso,Dermatología,348300,Arco y asociados S.L.N.E,Ayacucho
94605265,Amor,Dalmau,Neurología,784708,Valverde y asociados S.L.N.E,Huanuco
34402470,Baldomero,Losa,Ginecología,90325,Compañía Vicente S.A.T.,Ayacucho
